k1	also_in_pw_same_source
ABIrapallikA	1
ADArmika	1
ADAtar	1
AKAta	1
AKyAtavAda	1
AKyAtaviveka	1
ANgAraka	1
APUka	1
ASAdaSamI	1
ASApurI	1
ASaMsitar	1
ASitar	
ASuBArgava	
ATarvaRIya	
AcArAtikrama	1
AcAracintAmaRi	
AcAramADavIya	1
AcArapradIpa	1
AcAryacUqAmaRi	1
AcAryakArikA	1
AcCAka	
Acidoha	1
AdArasft	1
AdIDaka	
AdamaKAna	1
Adezwar	1
AdimalabAra	
Adisfzwi	1
AdityanaktaviDivrata	1
Adityapatra	
AdityapratApasidDAnta	1
AdityeSvaratIrTa	1
AdivAtulatantra	1
AdyavIja	
AgamasAra	1
AgrAvasavIya	1
AhAray	1
AhInika	1
AhitTa	1
AjIja	
AjUma	
AjanmasuraBipatra	
AjyaBAsa	
AkASavAdArTa	1
AkaraRa	1
AkulAgamatantra	1
Akulaka	1
Akulay	1
AlamandArastotra	1
Alenarusa	
Alindaka	1
Aloha	
AlokamaTurAnATI	1
Alokavant	1
AlolacaturTI	1
AmIla	1
AmalISvaratIrTa	1
Amali	
Amera	
AmodAyana	1
AnAka	1
AnandaboDaparamahaMsa	1
AnandacaturdaSI	1
AnandarAma	
Anayuga	1
Andolay	1
AniDanaM	
AntaHpuritaka	1
ApAjiBawwa	
Apanika	1
ApatAlikA	
ApiSAyana	
Aqambaravant	1
ArAmAdipratizWApadDati	1
ArIhaRya	
ArUQavant	1
AraRAcCalA	1
AradeSa	1
ArdrAnandakarItftIyA	1
ArgbaDa	
ArtaboDa	1
Artvija	
AruRika	
Aryahala	
Arzika	1
AsInagaraprAkArapraSasti	
Asera	
Asizira	
AsvadIya	
Asyapatra	
AtaNkapratimA	1
AtaNkita	
AtapABAva	
Atapatraka	1
AtmAnAtmavicAra	1
AtmAnuSAsana	1
AtmaSaMsA	1
AtmaliNgapUjApadDati	1
AtmapurARa	1
AtmarAmayogendra	1
AtmatattvapravoDa	
Atmavant	1
AtmopadeSa	1
AvAsita	1
AvIra	
AvidDavaktra	1
Avija	1
AyAjiBawwa	1
AyasTURa	
AyoBavya	1
AyoDeya	1
AyuzkAmIya	1
Ayuzmant	1
BASataka	
BAgApahArajAti	
BAgavataBAvArTadIpikA	1
BAkuwa	1
BAmatInibanDa	1
BAnuBawwa	1
BAnudIkzita	1
BAnujIdIkzita	1
BAryAvant	1
BAsAy	1
BAskaraBawwa	
BAskaramiSra	
BAvavfttIya	1
BAwwaBAzAprakASikA	1
BEravAcArya	1
BEravadIkzitatilaka	1
BEzajyaguruvEdUryapraBA	
BIzmaratna	1
BUmaka	
BUmant	1
BUnetar	1
BUtAviSa	
BUzaRasAradarpaRa	1
Badantagozaka	
BadrabAhusvAmin	1
BagavadBaktirasAyana	1
BagavadBaskara	
BagavannAmamAhAtmyagranTasaMgraha	1
Bajaga	
BakaBakAy	1
BaktAmarastotra	1
BakzapattrA	
BasmajAbAla	1
BastrAvant	1
BavAnandasidDAntavAgISa	1
BavadevaBawwa	1
BavadevamiSra	1
BawaBawAy	1
Bawantagopadatta	
BawwaBAskaramiSra	1
BayatrAtar	1
BeruRqaka	1
BizaNmAtar	1
BogAvatI	1
Bojayitar	1
BojyasaMBava	1
BrAturjAyA	1
BramarAvalI	
Bujabala	1
CAcCikA	1
Candomavant	1
CardApanikA	1
CardIkA	
CattrADAnya	
Cattravant	1
DAnyAka	
DAnyaDanavant	1
DAnyakozWaka	1
DAnyavant	1
DAraRAvant	1
DAtar	1
DAtunyAyamaYjUzA	1
DAtusaMBava	1
DOtakozaja	
DUlI	1
DUlaka	1
DUmajANgaja	
DUmay	1
DUnay	1
Dabalapakza	
DamarukAnagara	1
DanasaMpatti	1
DannA	1
DanvanacCada	
Daqi	
DarANkura	1
Darawa	1
DarmANgada	1
DarmAmBoDi	1
DarmavirvaDana	
DarmitAvacCedakatApratyAsattivicAra	1
DartUra	1
DavalapurARasamuccaya	1
Davalay	1
DenudugDakara	1
Dfzant	1
DiyAMpati	1
DizaRADipa	
DyASrayawIkA	
DyAnavant	1
DyAnavindUpanizad	
EDmahAra	1
EDmakARva	1
ERIkIya	
ERqineya	
Elavfnda	
EndrAvalI	1
Endrapramada	
Endrota	1
Eqamfda	
ErDasadmana	
Eraya	1
EzIkihasta	
GAlamba	
GAtavya	1
GaRwAvIja	
GaRwinIvIja	
Ganapatra	
Ganavarga	
Garz	1
GuSmeSaliNga	1
ISAKAna	1
ISAnasaMhitA	
ISaKAna	1
ISahfdaya	1
ISvaracandrarAya	1
ISvaramInanATasaMvAda	1
ISvarapratyaBijYA	1
ISvare	
Ikzin	1
IrugapadaRqanATa	1
Is	
Izattantra	
JagaJagAy	1
JanajJanA	1
JawA	
JazANka	1
KAtar	1
KUra	1
KaRqajodBavaja	
KaRqakarRa	
KaRqameru	1
KaRqanamahAtarka	1
KaRqapatra	
KaRqasara	
KaRqay	1
KagAlikA	
KalAy	1
KalaKalAy	1
KallAtaka	1
KamBAti	
KamBAyatabindara	
KanaKanAy	1
KaqgArIwa	1
KaradUpaRa	
Karapatra	
Karapatraka	
KarataragacCa	
KarbaSAKa	
KasaMBavA	1
KavAzpa	
KawaKawAy	1
Kazya	
KilIkAra	1
Kilapasa	
KimAnanda	
KuttIrya	
Obja	1
OdaguRya	
Odahi	
OjAgari	1
OkzRonuyAna	1
Onta	
OparEDika	1
Opeya	1
OtTAsanika	1
OzaDAvalI	1
PaRAvant	1
PalAbanDya	
PalabanDya	
PalajjalavAsudeva	1
PalakeSara	
PalasaMBArA	1
PalasaMbadDa	1
ParParAy	1
Pesala	
PetkArIya	
PutkAravant	1
SAMBarAyaRI	1
SAMBara	1
SAMBavAha	1
SAMBavadIpikA	1
SAMBavadeva	1
SARottarIya	1
SASvat	1
SAWI	1
SAgali	1
SAkaMpUta	1
SAkapUta	1
SAkimanavardipa	1
SAlinIkaraRa	1
SArIrakaBAzyanyAyanirRaya	
SArupravetasa	1
SAtaya	1
SElasaMBava	1
SEvavAyavIya	1
SIBava	1
SIrzAvaSezIkar	
SIrzAyaRa	1
SUkavant	1
SaMBU	1
SaMBUnATa	1
SaMBuBErava	1
SaMBuBawwa	1
SaMBunATa	1
SaMBunandana	1
SaMBurahasya	1
SaMButanaya	1
SaMBuvallaBa	1
SaMkaraBAzya	1
SaMvUka	1
SaNKacUqaka	1
SaNKavant	1
SaNkumant	1
SaRqAkI	1
SaSIBaparvan	
SaSivadana	
SabdaprakASikAdvirUpakoSa	1
SakramAtar	1
SaktarUpa	
SaktiBErava	1
SalikAjina	
SamIpattrA	1
Samanasvasar	1
SanDa	1
SarAvi	
SarAy	1
SaradasiMhadeva	1
SatyaMjaya	
SayyaMBava	1
Sewa	1
SezanArAyaRapaRqita	1
SfNgArIy	1
SfNgaveraka	1
SfNgerImaWa	1
SiKAvalI	
SiKinDana	1
SiNgAmbikA	
SiTilAy	1
SilaMDira	1
Silhana	1
SivAdityamiSra	1
SivAnandasarasvatI	1
SivApriya	
SivacampUprabanDa	1
SivatatparasUtra	1
SizyAy	1
SizyaDIvfdDitantra	1
SlezmADmA	1
SlezmaGanA	1
SmaSrUy	1
SnABa	
SoBAkAwi	1
SoDayitar	1
SopArIpAka	
SozasaMBava	1
SrIBrAtar	1
SrISalmalIBARqa	1
SrInATaSarman	1
SrIpAlakavirAja	1
SrIsaMBUtA	1
SrOtarvaRa	1
SradDAtar	1
SramaRAy	1
Sramavant	1
SravaRikA	
Sreya	1
SroTa	1
Srukandali	1
SuBavant	
SuMni	
SuPAhila	
SuklIkar	
SunakacaYcUkA	
Sutudri	1
Sutudru	1
SvaBrIy	1
SvetAmli	
SvetavArttAkinI	
SyenASva	
UKya	1
Uawa	1
Uhavant	1
UnAItIrTa	1
UrDvIkar	
Urjayant	1
UrvyaNga	1
UzRa	1
UzarAy	1
Uzavant	1
aBIla	
aBayadAnasAra	
aBiDAnacUqAmaRi	1
aBiDAnakoza	
aBiDAnatantra	1
aBicArika	1
aBigantavya	1
aBilazya	1
aBimuKIBU	
aBinavatAmarasa	1
aBiniDanaM	
aBisaMpAta	1
aBisaMtApa	
aBizeRay	1
aBramataNgaja	1
aByAsavant	1
aByantarIkar	
aByunnati	1
aByutseka	1
aDISitar	1
aDaHpAtana	1
aDaHpuzpa	
aDaScOra	1
aDarIkar	
aDikaraRacandrikA	1
aDikaraRaratnamAlA	1
aDiraTIya	1
aDivapana	1
aDiyAga	1
aDoSuka	1
aDvarahotra	1
aDvaratantra	1
aDyAsaBAzya	1
aDyAtmamImAMsA	1
aDyAtmapradIpikA	1
aDyAtmasuDAtaraMgiRI	1
aDyAtmavidyopadeSaviDi	1
aDyAyaka	
aDyarDeqa	1
aGApaha	1
aGoraSivAcArya	1
aKaRqAnandamuni	1
aMSIkar	
aMSasavarRa	
aMSay	1
aNgAragartA	1
aNgArakAraka	1
aNgArakatIrTa	1
aNgArakeSvaratIrTa	1
aNgadeva	1
aNgirasya	
aNgulIka	1
aNgulIsaMBUta	1
aNkAvataraRa	1
aNkUray	1
aNkapAta	1
aNkeSaya	1
aNkollakatIrTa	
aNkurAy	1
aNkuray	1
aRIyaMs	1
aRIyasa	1
aRuBAzya	1
aRumaDyavIja	1
aRuvedAntarasaprakaraRa	
aRuvratin	1
aSOcanirRaya	
aSaga	1
aSezakulavallarI	1
aSmIra	1
aSmajatuka	1
aSokottaMsikA	1
aSrapa	
aSvAvant	1
aSvavAhaka	
aTarvavedin	1
aYjAsA	1
aYjalipAta	1
aYjanAdri	1
aYjanapura	1
aYjanika	1
aYjiga	1
aYjovErUpa	1
acCAdIkzita	1
acCAvAkaSastra	
acCodana	
acCowana	
acCupta	
acalaBrAtar	1
acaleSa	1
acikkaRa	1
acirABa	
acyutASrama	1
acyutaWakkura	1
acyutacarita	1
acyutakfzRAnandatIrTa	1
adButapuRya	1
adButasAgara	1
adDaboDeya	
adfSyAYjana	1
adfSyIkaraRa	1
aditISvaratIrTa	1
aditivana	1
advEtAmfta	1
advEtacandrikA	1
advEtacintAmaRi	1
advEtajYAnasarvasva	
advEtaratnarakzaRa	1
advEtasidDi	1
advayatAraka	1
agastyAy	1
agnIDrI	
agnikOtuka	1
agnisaMBava	1
agnisiMhanandana	
agnismfti	1
agnisvAmin	1
agnitIrTa	1
agnivindu	
agravIja	
agurusAra	1
ahaMkAravant	1
ahaMmati	1
ahiPeRa	
ahika	
ahikoza	
ahilyA	1
ahirbuDna	1
ahiwwAna	1
ahobalaSAstrin	1
ajAkfpaRIya	
ajEkapAda	
ajavasta	
ajayagarha	1
ajayasIha	
ajinapatrikA	
akAlajalada	1
akaTam	1
akrUreSvaratIrTa	1
akri	
akzapAd	
akzapiRqa	1
akzaramAlikA	1
akzaravyakti	1
akzayasena	1
akzigocara	
akziva	
alaMkArAvatAra	1
alaMkAraSeKara	1
alaMkAravftti	1
alaMkAravimarSinI	1
alaMkartar	1
alapadma	1
alapallava	
alikAtIrTa	1
alikulasaMkula	1
alimant	1
allAqa	1
allama	1
alpapatra	
alpasarvatoBadramaRqala	1
amAhaka	1
amAhakeSvaratIrTa	1
amUza	
amalAjJawA	1
amanaskalaya	1
amarUka	1
amaraka	1
amaraliNga	1
amaramaNgala	1
amarendramuni	1
ambUkar	
ambalagacCanAyakaguru	
amban	
ambariza	1
ambikeSvaratIrTa	1
ambikeyaka	1
ambla	1
ambuhastinI	
ambura	
amftAy	1
amftacandasUri	1
amftakumBa	1
amftamatI	
amftapuwa	1
amftasaMBavA	
amftataraMgiRI	1
amfteSvaraliNga	
amitapraBava	1
amiyARa	
amlAtaka	1
amlapUra	1
amlapatra	
amlavIja	
amlikAvawaka	1
amlowaka	1
amoGasidDa	
anATapurI	1
anAdeSa	1
anAdimant	1
anAdivArttA	1
anDAtamasa	1
anDUkaBawwa	1
anIcidarSin	
anUpasiMha	1
anUrADA	
anaNgapura	1
anadya	
anagnika	1
analAnanda	
anantAnanda	1
anantaBawwIya	1
anantanATa	1
anantanArAyaRa	1
anantapurI	1
anaqudvrata	1
anarTajYa	1
anarTin	1
anarakeSvaratIrTa	1
anasUyAtIrTa	1
andulIsa	
anekArTakoza	
anekArTasamuccaya	
anekArTatilaka	
anekavarRasamIkaraRa	1
animizadfS	1
anivftti	1
annaMBawwa	1
annadAkalpa	1
annadAtar	1
antAkzI	
antaHkaraRapraboDa	
antabala	1
antakfddaSa	1
antaki	
antarDAnakawa	1
antarIkzan	1
antardeha	1
antarveDa	
antaryAman	
antasTACandas	
antavipulA	1
antravallika	
anuBavAnanda	1
anuSAlva	1
anuSAya	1
anuboDya	1
anuguRavant	
anukUlavant	1
anukaYcita	
anukampokti	1
anukarzin	1
anumAnadIDiti	1
anumAnamUlawippaRI	
anumAnamayUKa	1
anumAnaprAmARyavyavasTApana	1
anumAnatattvacintAmaRi	1
anumalla	1
anumitiparAmarSakAryakAraRaBAvavicAra	
anumititva	
anunAsikya	1
anurAgavant	1
anusUyA	1
anuvAkIya	
anuvAkasaMKyA	1
anuzWAyajYayajYIya	1
anyaTAsidDivicAra	
apAmIva	1
apArDya	1
apAtyaya	1
apaSada	
apaguRa	1
apakartar	1
apamarRa	1
apamityaka	1
apanetavya	1
aparagoqani	
aparati	1
aparavaktra	1
aparavideha	1
aparokzAnuBava	1
apasArya	1
apavAruka	
apavfti	
apayyadIkzita	1
apekzitavyAKyAna	
appaidIkzita	1
appayyadIkzita	1
appidIkzita	1
apramARaSuB	
apsareSvaratIrTa	1
apyAyadIkzita	1
apyayya	
arDIkar	
arDaSana	1
arDanArInara	1
arDarecita	1
arDasAra	1
arDasTAna	1
arDay	1
arTAtman	1
arTapaYcakanirUpaRa	1
aragvaDa	1
aramIka	
arcanamaRi	1
ardvantu	
arhaccandrasUri	1
arhayoSri	
arimARa	
arimIRanIsAra	
arjanaDvaja	
arjunIyA	1
arkadala	1
arkapuzpa	1
arsas	
aruRABa	1
aruRAcalasTala	1
arvAdevI	1
asAlatiKAna	1
asArarUpa	
asTalA	
asUkzaRa	1
asadaDyetar	1
asadgrahin	1
asant	1
asidDinirUpaRavyAKyA	1
asipatraka	
asmanta	
asrakaRWa	1
asrapatraka	
astAga	1
astarkzaRa	1
astimant	1
asukzaRa	1
asumant	1
asurkzaRa	1
atIzaNga	1
atiSUnya	1
atiSUra	1
aticaRqA	
atidAtar	1
atidurgAmanu	1
atiguRatA	
atikrAntaBAvanIya	1
atiliha	
atipAra	1
atipUrva	1
atiparuza	1
atipatra	
atiratna	1
atireKA	1
atisaktimant	1
atisvara	
atitAra	
atitIrTa	1
atitara	1
atitejas	1
ativaktar	1
ativarzaRa	1
ativftta	1
ativizAdin	
ativizama	1
ativrata	1
atizaNga	1
atrISvara	1
atrikASrama	1
atriputra	
atritanUBava	
atyASa	1
atyArya	1
atyambupAna	1
atyamlaparRa	
atyantaSaMkarI	1
atyarDa	1
atyucCrita	1
atyudAtta	1
atyukta	1
atyunnata	1
atyunnati	1
atyutseka	1
avaDfti	1
avaDyASva	1
avagAda	1
avagalBa	
avagantar	1
avahitTaka	1
avajYAnagastotra	1
avalinda	1
avant	1
avaravarRaka	1
avarikA	1
avasTAsaMgraha	1
avda	
avekAcArya	1
aviGnavinAyakacaturTI	1
awavIbala	1
awwahAseSvaratIrTa	1
ayanadevatA	
ayovatsa	
ayyAjIBawwa	1
azwASrakuRqa	1
azwAdaSANga	
azwAracakravant	1
azwalohaka	1
azwaniDana	1
azwapAd	
azweqa	1
bADyamAna	
bAbajIvyAsa	1
bAhubARa	1
bAhusaMBava	1
bAjabAhAduracandra	1
bAlaboDinI	1
bAlhaka	1
bAlopacAra	1
bArbawIra	
bArdala	
bIjapraboDa	1
bUvaSarman	
babakARa	
badari	
bahirmudrA	
bahurUpAzwaka	1
bahusaMpuwa	1
bahusrava	
bahvajAvika	1
bakabakAy	1
bakanisUdana	
balAtkAragaRa	
balhIka	1
ballAlasena	1
bambagEra	
banDyAsUnu	
banDyAsuta	
banDyAy	
banDyaparvata	
barbaraka	1
barhiHpuzpa	
bfhaccakzus	
bfhatsUryasidDAnt	
bilveSvara	
binducita	1
bindupratizWAnamaya	1
brAhmIkuRqa	1
brahmapuzpi	
brahmastambi	
brahmavarDan	
bukkaRa	1
bukkarAya	1
cAmy	
cAndracandrika	1
cArakARqa	1
cORqapAcArya	1
cUqApakza	1
cUri	1
caNkrAyaRa	
caRqavfzwiprayAta	1
caSAti	1
caYcumant	1
caYcupatra	
cadelavAla	1
cakammada	
cakrIkar	
cakraSatapatra	
cakrabAlaDi	
cakradantIvIja	
calapatra	
campakolva	1
candanAy	1
candragola	1
candrakavant	1
candrakoza	
candranArAyaRaBawwAcArya	1
candrasaMBava	1
cannuBawwa	1
caramAlaya	1
carcAy	1
caritrita	1
carpawi	
carvawi	1
catuHpuRqra	
caturTAraRyaka	
caturhotar	1
cayanIcandraSeKararAyaguru	1
cazwAna	
cedAra	1
cidAnandAy	1
cinnaBawwa	1
cintAvant	1
cinta	
cirivilva	
citrakavi	1
citrarUpavAdArTa	1
citrikA	
cittonnati	1
civi	
cokuwi	1
cullaka	1
cuwikA	
dARqaka	1
dASaSiras	
dAdIrAya	1
dAkzAyaRi	1
dAkziRyavant	1
dAlmAyaRi	1
dAradikA	1
dAsapUra	1
dAsasaras	
dAzAy	
dEnAra	1
dEvayajYapaRqitasUrya	1
dIpAnvita	
dIpaKawvA	
dIpavant	
dIrGakaMDara	
dOHsADika	1
dOgUla	1
daDisara	
daDyAlI	1
daPArabAhlIka	
daRqabAlaDi	
daRqapAMSula	
daRqavArkza	
daSanavIja	
dahanabahula	
dahiyaka	
dakARa	1
dakziRapaTa	
dalakoza	
dantaSawa	1
dantavIja	
danuza	
darBAvatI	
darSanopanizad	1
dardruGna	1
dardrunASinI	1
dardrurogin	1
darh	1
dasArAma	1
dattatIrTakft	1
dehakoza	
deula	
devadroRA	
devajAnIya	1
devanAraka	
devayAjYaka	
devyAgama	1
dfQavIja	
diDIzU	1
digambaraka	1
dinakeSara	
divAwana	1
doHSiKara	
dohadohIya	1
dolotsava	1
dozaka	1
dozavant	1
drAvakakanda	
drAyuDa	
draQay	1
dravIkar	
dravyaBAzya	
drezkaRa	1
druRi	1
duHPAlikutTa	
duHsaMtuzwa	
duHsaciva	1
duScetas	1
dugDavIjA	
duracandra	
durantatA	
durgAhva	1
durizWa	1
durmoha	
durnirUpa	1
durvAsasa	1
dvAdaSAMSaka	1
dvIpaKarjUra	
dvIpasaMBava	1
dviguRay	1
dvijajetar	1
dvimAtar	1
dviraByAsAkUpAra	1
dvirePagaRasaMmitA	
dvivid	
dyUtAlaya	1
dyUtavIja	
ekADipa	1
ekAkzarIBAvin	1
ekAmra	1
ekAntItIrTa	1
ekaSAla	1
ekaSAlmalIspfhayantIvrata	1
ekatAlin	
elAvalI	1
erAkudeSa	
etavADrya	
evaMBUta	1
evaMjAtIyaka	
ezARa	
ezyant	1
fRadAtar	1
fRapradAtar	1
fRastamBa	
fRiDani	1
fSyasAman	
fkzanemi	1
ftusAraRA	1
ftuvid	
fzyANka	
fzyaSfNga	
fzyaketana	
fzyaloBa	
gAgABawwa	1
gArDrapatra	
gArutmatapatrikA	
gAtrasaMplava	1
gItaprakASa	1
gOqapAdI	
gOqorvISakulapraSasti	1
gOrANgirasa	
gOrAvrata	
gOtamasaMBavA	1
gUQapatra	
gaNgApAradeSa	1
gaRakArikA	1
gaRanI	1
gaRaniDi	
gacCAcAraprakIrRakasUtra	1
gagaRANganA	
gagaRAnanda	
gagaRagaYja	
gagaRapuzpa	
gagaRasparSana	
ganDaPaRijJaka	
ganDabaRij	
ganDapatra	
ganDarvatantra	1
ganDavIjA	
ganDavahala	
garBapAtin	1
garalAy	1
gardaBAhvaya	
garuqAy	1
garvAy	1
gavAkzatantra	1
gawa	
gayasPAya	
gehIy	1
gfhASramavant	1
gfhItar	1
gfhacaryA	1
gfhakartar	1
girIyaka	1
giripriya	
giristri	
glAtar	1
goAsAra	
goDUmasaMBava	1
goDas	1
goGota	1
goRika	
goSfNgaparvatasvayaMBUcEtyaBawwArakoddeSa	1
gobAlin	
gohanna	
gomayacCatra	
gopAlapurI	1
gopAwavika	1
gopay	1
gosaMBavA	
gosaMBava	1
gosaMga	1
gosila	
gosvalu	
gotrapravara	
govindanyAyAlaMkAraBawwAcArya	1
govyADila	1
goyIcandra	1
grIzmaBava	
grIzmaja	
grIzmodBava	
grahItar	1
grahaRavant	1
grahelikA	1
granTakartar	1
granTipatra	1
guAsIra	
guRAy	1
guRTa	
guRTaka	
guRaSiromaRi	1
guRadIDitiwippaRI	1
guRagraha	1
guRanandI	
guRarahasya	1
guRavant	1
gucCapatra	
guhyavIja	
guqavIja	
gurupatra	
guruvAkyaleSasaMgraha	1
gusAyinfpati	1
hAkali	1
hAvanI	1
hEmavant	1
hEmavarci	1
hInakuzWa	1
hInavftta	1
hIrarAja	1
hUMkfti	1
hUNgarAI	
hUNgarasTAna	
haMsADirUQa	1
haTiRAvaragrAma	1
hamIrapurya	1
hananIy	1
hareu	
hariRAy	1
hariREgumezin	1
haritIkar	
hassanaSAha	1
hastamuktAvali	1
hastinIpura	1
hayAnanda	1
hayadvizant	1
hfdBeda	1
hfdinI	1
hfllocana	1
hfzIkASrama	1
hikavikanika	
himAdrIy	1
himajJawi	
hitavant	1
hitopadezwar	1
hoqar	1
hrOda	
hrastataRqula	
hrasvAbfhadopaSA	
hrasvagarBa	1
hruqu	1
hulamAtfkA	1
iMreja	
iNkuma	
iSena	
iTiresu	
icCAvant	1
idaMkAryA	
ikzupatra	
ilARqa	
illIsa	1
imAmaru	
indIvAra	1
indindira	1
indivara	1
indrasAman	1
indravAwatIrTa	1
indreSvaratIrTa	1
indupramati	1
indurAj	1
ipAhaRa	
irAnta	
isPIva	
isaPahARa	
isakandara	
isirakAra	
izviSvajyotis	
izwahotrIya	
izwikApaTika	
izwikApura	1
jANGAlAyana	1
jANGanI	1
jAgadISI	1
jAgaritar	1
jAlavAla	
jAmunadeSa	1
jAtUkarRIputra	1
jAtavant	1
jAtavedAdinavadurgAmanu	1
jAtisAMkaryavAda	1
jAvAdi	1
jAvitrIpAka	1
jAwAlikA	1
jEmanta	1
jImUtakuwa	
jIrata	
jIvatpitar	1
jIyIkIyA	
jUma	
jYAnAnandasamuccaya	1
jYAnaSataka	1
jYAnadarpana	
jYAnadvayakAraRatAvicAra	1
jYAnagarBastotra	1
jYAnahastika	1
jYAnalakzaRavAdArTa	1
jYAnamuktAvalI	
jYAnapraboDamaYjarI	1
jYAnarpiBAskarAcArya	
jYAnottara	1
jYaptiprAmARyavAda	1
jagalu	1
jagatkartar	1
jagatsrazwar	1
jagaty	1
jajjAiRa	
jalAlapura	1
jalaBeda	1
jalaSUkara	
jalabAlaka	
jalagaMvu	
jalakAmuka	
jalatumbikA	
jalavilva	
jalavindu	
jalaviqAla	
jamARu	
jambumant	1
jammARa	
janmavant	1
japanfsiMha	
jaqAy	1
jarijARa	
jarisARu	
javavant	1
javipulA	
jawAvant	1
jawAwaNka	1
jayASraya	
jayantIpurI	1
jayapatra	
jetArAma	
jfmBAvant	1
jiGAMsIyaMs	1
jidaPa	
jinaBadrasUri	1
jinaBaktisUri	1
jinalABasUri	1
jinapratimAsTApanaviDi	1
jinarAjasUri	1
jivAjiva	
jomati	
juhUvant	1
juhu	
jurijARa	
jutuma	
jvalArAsaBakAmaya	
jvalant	1
jvalin	
jvalitar	1
jvarahantar	
jyEzWasAman	1
jyotIrUpasvayaMBU	1
jyotIrata	1
jyotirvIja	
jyotizparASara	1
jyotizprakASa	1
kAMdiSIBU	
kANgula	
kANkola	
kARakaRWa	
kARqakuzku	
kARqasaMDi	1
kASamarda	
kAcUka	
kAcasaMBava	1
kAdambarIvIja	
kAkajambu	1
kAkzIvant	1
kAlAkAlacakra	1
kAlAsya	
kAlAya	
kAlISa	1
kAlIvidyA	
kAlaGaRwayoga	1
kAlaSivi	
kAlacarita	1
kAlajit	1
kAlakAraRika	1
kAlakUwaNkawa	1
kAlakuYca	
kAlamADavIya	1
kAlataraMga	1
kAlatattvavivecana	1
kAlavalana	1
kAlawi	1
kAlikAKya	1
kAlippa	
kAlohati	
kAmAKyatantra	1
kAmAlu	1
kAmarU	
kAmarUpIya	
kAmavant	1
kAmayitar	1
kAmpIlaka	
kAntAy	1
kAntotpAqA	
kArIkardamAyana	
kArIrAjAyaki	
kArRAwa	1
kArRacCidraka	1
kArakadIpaka	1
kArakavyAKyA	1
kArakavyUha	1
kAravatIra	1
kArdantika	1
kArowin	1
kArtaveSa	
kArttikIya	1
kAryakartar	1
kAsIrAma	
kAsfkAyana	
kAvaruka	1
kAvyAlaMkArasUtra	
kAvyacOra	1
kAvyakartar	1
kAvyapradIya	
kAyenetivivaraRa	1
kEvalaya	
kIramARa	
kORqavAyuti	
kOkkuwIbarha	
kOmoda	1
kOnaKIya	1
kOrasrava	1
kUlaBaNga	1
kUlakaza	
kUpAy	1
kUpada	
kUrcatA	1
kUrmanAqI	1
kUwagranWa	
kaRIyaMs	1
kaRwakIPala	1
kaRwakIdruma	1
kaRwapatra	
kaSyapagrIvA	
kaYjARa	
kacaNgana	
kadiladruma	
kahAha	
kakKawapatraka	
kakudruma	1
kakummant	
kakvalla	1
kakzAvant	
kalaMjaya	
kalahatTadeSa	1
kalava	
kaliNgaqI	
kalisTAna	
kallAleSo	
kallinArTa	1
kalyARavant	1
kamaRqalutaru	1
kamalasaptamI	1
kamalazazWI	1
kambukeSvaratIrTa	1
kamitar	1
kanTaqi	1
kanUjadeSa	
kanakAyinadI	1
kanakadaRqaka	1
kanakeSvarItIrTa	
kandaka	
kanerin	1
kanhaBawwa	1
kanyAsaMprayuktaka	
kapardIvinAyakavrata	1
kapilakrAkzA	
kapora	
karImARa	
karRAdeSa	
karRaMDAriRI	
karaBIra	1
karaRIsutA	1
karaYjeSvaratIrTa	
karapatravant	
kardameSvara	
karejaRa	
karipatra	
karkacaRqeSvarItantra	
karkarAla	1
karmASrita	
karmaSudDa	
karmamocanItIrTa	
karmavaSin	1
karoweSvaratIrTa	1
karparIka	
katitTAsya	
kavacapatra	
kavalIkar	
kavalay	1
kaviYjuka	
kavitar	1
kavyahotra	
kawidAna	1
kawuSfNgAla	1
kawunizplAva	
kawupatra	
kawuvArtAkI	
keSaRavIRa	
keSavarDinI	
kelikoza	
kesarAmla	1
kfkalASa	
kfmAvantu	
kftimant	1
kftyatattvArRava	1
kfzRaPalapAka	
kfzRaSAra	
kfzRalIlA	1
kfzRasvasar	1
kfzRavIja	
kfzRavarvaraka	
kfzwaBUmi	
kiMBarA	1
kiMBftya	1
kiMmantrin	1
kiMpacAna	1
kiMpaca	1
kiMpraBu	1
kiMpuruzIya	1
kiMvant	1
kiRAlAta	
kiYcanaka	
kimmUrI	
kirImARa	
kirikiccikA	
kitArArjunIya	
koSalika	
koila	
koluha	
kopavant	
koqAyana	
koraRwakagrAma	1
kowikarRa	1
kowwamallika	1
koyaMpurI	1
krImARa	
krOzwika	
krakacapAd	1
krakacapatra	
kroRakavarRa	
kroWin	
krolAyana	
kroqANga	
kroqIkar	
kuRqaNga	1
kuRqalakzyavivfti	1
kuRqaliyA	1
kuRqavihAradeSa	1
kuSAlmali	
kuSumBa	
kudaSA	1
kuddAra	
kudumbarI	1
kugfha	1
kujara	
kukzitaki	
kuladuhitar	1
kulapatra	
kulmAsa	
kumArISa	1
kumBIvIja	
kumBakArakukkuwa	1
kumBavIjaka	
kumBay	1
kumBeSvara	1
kumBinIvIja	
kunareSvara	1
kundakundAcArya	1
kuntaka	
kuquhuYcI	
kurAja	
kurAla	1
kurAwa	
kuraMgama	
kurarISvaratIrTa	1
kurema	
kurukzetrasTalI	1
kuruvilva	
kuruvilvaka	
kurvant	1
kusaMbanDa	1
kusrantihIRa	
kusumavant	1
kusumay	1
kusumitalatAvellitA	1
kuvAhula	
kuverAcala	
kuveriRa	
kuvimba	
kuvra	
kuwIprAveSika	1
kuzWahantar	1
kuzit	
kxptakIla	
kzAmIkar	
kzArapatra	
kzIraSukrA	
kzIray	
kzOdraja	
kzaRatu	1
kzamAvanta	
kzamitar	1
kzarapatrA	
kzatriRa	
kzetrasaMBUta	1
kzetrasaMBava	1
kzitivadarI	
kzuDAvant	1
kzudrapatra	
kzudvant	1
kzurapatra	
kzurikApatra	
lAkza	1
lAlAy	1
lIlAy	1
lOhakAri	1
lOkikavizayavicAra	1
lUnIy	1
laGUkar	
laGay	1
laGusaptatikA	
laGuvEyAkaraRasidDAntamaYjUzA	1
laGvAryasidDAnta	1
laNgUla	1
ladDa	
lakzaRavAdarahasya	1
lakzaRka	
lakzmaRAcArya	1
lakzmaRaBawwa	1
lalAmavant	1
lalAwikAy	1
laramAnATa	1
lavaNgaka	1
lavaRAraja	
lavavant	
lawakAmiSca	
liNgasaMBUtA	1
libiMkara	
likAbanDa	1
lohitapAdadeSa	1
lomasikA	1
mADavaBawwa	1
mADavaSrama	
mADavapaRqita	1
mADavayatIndra	1
mADavayogin	1
mADyaMdinIyaka	1
mARikAmbU	
mARimanta	
mAlArizwa	
mAlatItIrasaMBava	1
mAlyaguRAy	1
mAnamahant	1
mAninDa	
mAqaTa	
mArdaNga	1
mArgamitra	1
mArkara	1
mAtaNgadivAkara	1
mAtfmAtar	1
mAtfvAhin	
mAtrIy	1
mAtuli	1
mAyUrAja	1
mEDyAtiTa	1
mElanda	1
mEtrAyaRya	1
mOktimAlA	
mUSAKAna	1
mUlakeSara	
mUlapadma	
mUlasaMGa	1
mUrCAKAna	1
mUvIpa	1
mUzariHPa	
mUzikAhvaya	
maDudoha	
maDunetar	1
maDvaSAstra	1
maDyamaBAva	1
maDyasidDAntakOmadI	
maKatrAtar	1
maRIy	1
maRiBUmikA	
maRqUkamAtar	1
maRqanakavi	1
maRqanamiSra	1
maRqavyapura	1
maYcakAmura	
maYcayAyya	
madaBaYjin	
madakawa	1
madanapAWaka	1
madavfnda	1
mahASaMBu	1
mahAhimavant	1
mahAlasa	
mahAnIlABrajAlIy	1
mahAprItivegasaMBavamudrA	1
mahArasavant	
mahAsaMmohana	1
mahAtmavant	1
mahEraRqaM	
mahItapattana	1
mahadbilaM	
mahana	1
mahardDimant	1
maheSitar	1
mahizAsurasaMBava	1
makamakAy	1
makarandakaRAy	1
makarandavant	
malIyaMs	
malahantar	1
manaHsila	
mantradAtar	1
mantradevaprakASikA	1
mantrakoza	
mantratantranetra	
mantratantraprakASa	
marmaka	
marusaMBava	1
marz	1
masAraka	1
masIDanI	
masIjala	
masiDAna	
masijala	
masimaRi	
masipaRya	
masipaTa	
masiprasU	
masivarDana	
mataNgahataka	1
mataNgatIrTa	1
matottara	1
mattamAtaNgalIlAkara	1
mayUrabidalA	
mazarARa	
mazurARa	
meGapAlI	
merudu	1
mezAhvaya	1
mezAkzikusuma	
mfdaNgaPala	1
mfdaNgaka	1
mfduromavant	1
mfgaSIrzaka	1
mfgakAyana	1
mftasvamoktar	1
mftyumant	1
mftyusaMjIvana	
misarUmiSra	1
mitrIy	1
mizamizAy	1
mokzAy	1
morvaRI	
mozwar	1
muKaMpaca	1
muKasaMBava	1
muKavivAka	
muRqamAlA	1
muRqarikA	1
mugasTAna	
muktAmAtar	1
mukulay	1
mukundamiSra	1
mukundarAma	1
mukuweSvarItIrTa	
murAriBawwa	1
murArimiSra	1
murmurIy	1
nAdavindUpanizad	
nAgapattrI	
nAgasaMBava	1
nAgasvarUpiRI	
nAgavIwa	1
nAgojI	1
nAmasArodDAra	1
nAnanda	1
nArAyaRAy	1
nArAyaRaBawwa	1
nArAyaRadAsasidDa	1
nArAyaRadEvavid	1
nArAyaRapaRqita	1
nArAyaRasarasvatI	1
nAradIyaka	1
nAradvasava	
nArnamani	1
nAsAura	
nAsikAcCinnI	
nAsikyaka	1
nAwakaratnakoza	
nErJariRa	
nEzpeSikatva	1
nIlAruRa	1
nIlapizwoqI	
nIlasinduvAra	
nIlavIja	
nIraNga	
nIrajana	1
nIsARa	
nIsOra	
nUma	
naKanizpAva	
naNga	
naSitar	1
nagarIvaka	
nakrarAja	1
naktaMBAga	1
nalinIpadmakoza	
namiTuna	
namrIkfta	
nanAnanatAyin	1
nandAprAcI	1
nandisPowa	1
narasiMhasarasvatI	1
navAnagara	1
navAsra	
navacCAtta	
navacakra	1
navakaRqikABAzya	
navipulA	1
nayanetar	1
nazwavIja	
nfpakumAra	
nfsiMhASrama	1
nfsiMhaBawwa	1
nfsiMhaka	1
nfsiMhamUrtyAcArya	1
nfsiMhasarasvatI	1
nfsiMhatApanIya	1
niHSaMsaya	
nibandDar	1
niboDa	
nikAlya	1
nikftimant	1
nikoWaka	1
nikumBAKyavIja	
nimbaka	1
nimbavIja	
nimezakat	
niraMSuka	1
nirapAyin	1
nirdezwar	1
nirdigDikA	1
nirganDana	1
nirutseka	1
nirvaha	1
nirvikalpakavicAra	1
nirvikalpana	1
niryAtar	1
nityAnandASrama	1
nityanATasidDa	
niyodDar	1
nizavya	
nizpandana	1
nizpuqgala	
nopasTAtar	1
nyAyAlaMkAraBawwa	1
nyAyArTalaGuboDinI	1
nyAyanibanDa	1
nyAyasidDAntadIpapraBA	1
oMkAreSvara	1
oQra	1
ojasy	1
okUlaka	1
oqISadeSa	
oqadeSa	1
ozWapuzpa	1
pAMsukAsIsa	1
pARineya	1
pARqaraka	1
pASana	1
pAScAttyAkarasaMBava	
pAScAtyanirRayAmfta	1
pAWIkuwa	1
pAWaBU	1
pAYcarAtrya	1
pAcayitar	1
pAdaSIlI	
pAdapIvI	
pAdavITI	
pAdavalmIka	1
pAkarAjeSvara	
pAlabaRij	
pAnabaRij	
pApapAlikA	
pApavinASana	
pArAsa	
pArAsapuli	
pArAsu	
pArAvatANGri	1
pArSvAsTan	
pAraMparya	1
pAraQI	
pArikarmika	
pAripAtraka	1
pArva	
pAtar	1
pAtrIra	
pAtray	1
pIWADyakza	1
pOrumahna	1
pUrRAtman	1
pUtiPala	
pUzaka	1
pUzanvant	
paNgugrAha	
paNgutvahAriRI	1
paNkaDUma	
paNktivIja	
paTant	1
paYcAbajamaRqala	
paYcIkar	
paYcabrahma	
paYcakoza	
paYcalANgalaka	1
paYcarakza	
paYcasUtrI	
paYcavIja	
pacanika	1
paciti	
padArTamAlAdIpikA	1
padmanABadatta	1
padmanABadvAdaSI	1
padmanABapurI	1
pakzajanman	1
pakzavant	1
pakzavindu	
palalASaya	1
pannagakeSara	
parANganA	1
parASaraBawwa	1
parAYjana	1
parAprAsAdamantra	1
parArjuna	1
parAtriMSakA	
parAvarya	1
paraSurAmamiSra	1
paraYja	1
paraYjana	1
paracCandavant	1
paramArTanirvftisatyanirdeSa	1
paramaguru	1
parameSman	1
parapratinaptar	1
pararIRa	1
parastAttna	1
parasvaDa	
parc	1
pariSezavant	1
paricayavant	1
paridAya	1
parijYAtar	1
parikartar	1
parikzipaka	
parimaNkana	1
parimalla	1
paripela	1
parivAhavant	1
parivfQAzwaka	1
paroku	
paropakaraRIkar	
parozRih	1
paryUzaRAzwAhnikA	1
patadgrAha	1
patnIy	1
pattrAvalI	
pattraPalatA	
pattraSavara	
pattraSirA	
pattrataRqulI	1
pavanASanASa	1
pavimant	1
pawaSAwaka	1
pawwABirAmaSAstrin	
payaHpArAvAra	1
pazWavAh	
peYjUza	
peloja	
pewwa	1
pfTakzetra	
pfTukalpinI	1
pfTvIkuravaka	
piRqasa	1
piRqay	1
piciRqavant	1
pilunI	
pipatizant	1
pitfpitar	1
pitfvAnDava	
pitsant	1
pittavant	1
pnA	1
prARArTavant	1
prARaBAsvant	1
prARasaMBfta	1
prARatozaRI	1
prARimAtar	1
prAjitar	1
prAkriyAkOmuda	1
prApay	1
prAtarBoktar	1
praBavitar	1
praGozaka	1
praKyAla	
praRetar	1
praTay	1
prabAhuka	1
prabal	1
pracetar	1
pradAtar	1
pradezwar	1
prahasant	
prahitoH	
prajjawika	
prakASakajYAtar	
prakawAy	1
prakramitar	1
prakriyAprasAda	1
prarzaBa	1
prasAdavant	1
prasavitar	1
prasnavitrIy	1
pratIkAsa	
pratikAsa	
pratinaptar	1
pratisAraRA	
pratisyAya	1
pratiyogijYAnakaraRatAvAda	
pratyAsAra	1
pratyAsara	1
pratyavasTAtar	1
pravIqa	1
pravaravant	1
pravetar	1
prayatnavant	1
prayogasetu	1
prekzAvant	1
premavant	1
priyavaktar	1
proddaRqa	1
puMBUman	1
puYjay	1
pullaka	
punarBAryA	1
purasaMskAra	1
purumahna	1
purut	1
puruzottamapura	1
puruzottamavAdArTa	1
putArikA	
puwutfRaka	
puzpAmbuja	
puzpadantaka	1
puzpalAvin	1
puzpavant	1
puzpavawuka	
pyAyasTURa	
qakara	1
qaqAha	
rADAmedin	
rADAmohanaSarman	1
rADAvinoda	1
rAGavaBawwa	1
rAgAnugAvivfti	1
rAjaSAkanikA	1
rAjaSAkinI	1
rAjakaSeru	
rAjamAtar	1
rAjapaTAy	1
rAmAcArya	1
rAmaBawwa	1
rAmaliNgakfti	1
rAmamiSra	1
rAmapUjASaraRi	1
rAmapaRqita	1
rAmaprasAdatarkAlaMkAra	1
rAmaprasAdatarkavAgISa	1
rAmarudraBawwa	1
rAmasaMyamin	1
rAmatarkavAgISa	1
rAmavAjapeyin	1
rAmavilAsa	1
rAmendrayati	1
rAqi	
rAtryAkUpAra	
raNgabIja	1
raNgamAtar	1
raNgezWAluka	1
raNgoji	1
raRamuzwi	
raRavaNkamalla	
racayitar	1
rajYanadru	
rajanIcayanATa	1
rajanaka	1
raktaSfNgika	
raktakeSara	
raktar	1
raktataRA	
rakzaRi	
rasakalyARinIvrata	
rasikaraYjanI	1
riy	1
roQar	1
rogaSilpan	
rohiReya	1
romaratAsAra	
rucirAYjana	
rudrakoza	
sADyavant	1
sAMkucI	
sAMmAtra	1
sAMmitikAyani	1
sAMsrAviRa	
sASraya	1
sAhiqa	
sAhnika	1
sAhuqiyARa	
sAkzAtkartar	1
sAmasura	
sAmavant	1
sAmavedIya	1
sAntvayitar	1
sAnyAsika	1
sArTIkar	
sArTavant	1
sArTay	1
sAraNgAkzI	1
sAradAtilaka	
sArpya	1
sAvErisole	
sAvitrika	1
sKadya	1
sOhya	
sOjanyavant	1
sOmanasyAyanA	
sOmyajAmAtar	1
sOpizwi	1
sOraTi	
sPUrtimant	1
sPaYja	1
sPuliNgAy	1
sTUlaSAwi	1
sTUlanAsaM	
sTalIy	1
sTapuwIkar	
sTirAy	1
sTirakusuma	
sUcIpaNkti	
sUcikulAy	1
sUcivant	1
sUraBawwa	1
sUtrakfta	
sUtrapattriRI	
saMBArin	1
saMBUtivijaya	1
saMBavya	1
saMBogayakziRI	1
saMBogya	1
saMDisaMBava	1
saMGAtavant	1
saMPAla	1
saMSayitar	1
saMbala	
saMbanDanirRaya	1
saMbanDatattva	1
saMbanDaviveka	1
saMcayavant	1
saMdohya	
saMduhya	
saMgItasinDu	1
saMgrahavant	1
saMhArakAlAy	1
saMjYopasarjanIBUta	
saMkazwaharavrata	1
saMmAnin	1
saMmArzwi	1
saMmIlya	1
saMmUrCa	1
saMmUrCana	1
saMmohanatantra	1
saMnyAsavant	1
saMpAvEyaSva	
saMpAwa	1
saMpUrRavrata	1
saMparAyaka	1
saMpatprada	
saMpiDAna	1
saMprAptidvAdaSI	1
saMprArTya	1
saMprakASya	1
saMprasADya	1
saMpreraRa	1
saMpreza	1
saMpuwaka	1
saMtozavant	1
saMvatsaradIpavrata	1
saMvyAsa	1
saMvyavahAravant	1
saNgamanera	
saSayAnumitirahasya	
sacCAstravant	1
saharuRa	
sahasaMBava	1
sahitANgula	
sajjapura	
sakAravipulA	1
sakalavedopanizatsAra	1
sakftPala	1
saktimant	1
samAntaka	
samAsavant	1
samIda	1
samIy	1
samagray	1
samarakanda	
samavAyANga	1
samayasAranAwaka	
samidBAra	1
samudrAy	1
samudreka	1
samyakAPaRa	
sanAtanaSarman	1
sapatnIkar	
saraNgaka	1
saraktaka	
saralIkar	
sarasIka	1
sarasaMprata	1
sarasvatIrahasya	1
sarava	1
saridBartar	1
saritvant	1
sarojIy	1
sarvAhaMmAnin	1
sarvAkaravaropeta	1
sarvaBAvADizWAtar	1
sarvaDanvan	
sarvadrazwar	1
sarvajYAtar	1
sarvarRikA	
sarvasaMpannasasya	1
sarvavettar	1
sarvayatnavant	1
sasantAloka	
sasyaSUka	1
satAha	
satprakriyA	
sattraspardDi	
satyatitikzAvant	1
savitar	1
setikartavyatAka	1
setumaNgalatantra	1
sevAPala	1
sfRa	
siMhAy	1
sidDAntaBedalavasaMgraha	1
sidDAntadIpika	
sidDAntakalpataru	1
sidDAntalakzaRAkroqa	1
sidDAntasUktimaYjarI	
sidDala	1
sidDamAtfkA	1
sidDayogeSvara	1
sidDiBErava	1
sidDidAtar	
sinDutIrasaMBava	1
skAndapraBAsaKaRqa	1
skamBiRya	1
skandamAtar	1
smaravant	
smftikOstuBa	1
soWala	1
somArDaDArin	
sparitar	1
sparzwar	1
sravadrarBA	
srotaHpati	1
stOBaka	
stabDasaMBAra	1
stotray	1
strIrAja	1
strIy	1
suBagasena	
suKASaka	1
suKAlukA	1
suKAvatIdeva	1
suKaprakASamuni	1
suKayitar	1
suRahAsaPa	
suboDana	
suboDin	
sudIrGarAjIvaPalA	1
sudrazwar	1
sujanaMmanya	1
sukfty	1
sulaBIBU	
sulaiRaka	
sumatiMjaya	
suraGu	1
surasaMBavA	1
suratAnasiMha	1
surevawa	
susAravant	1
susTiraMmanya	1
susTitaMmanya	1
susaMbadDa	1
susaMpad	1
sutEla	
suzeRakavirAja	1
svApakIy	1
svIyIkar	
svacCawI	1
svajanAy	
svalpaSilAy	1
svamAtra	1
svanandA	
svapitar	1
svarRaMjIrI	1
svarRamAtar	1
svarRamaRqana	
svargaDenu	
svasaMmuKa	1
svastikIkar	
svayaMBUliNga	1
svayaMBUmAtfkAtantra	1
svayaMpraBu	1
svedamalojJita	1
tAIkadeSa	
tAbarisARu	
tAhika	
tAmracakzu	
tAmravIja	
tAndana	1
tApitawa	1
tArIza	1
tArakin	
tAsyandra	1
tAttali	
tEBa	1
tElavIja	
tEtira	
tIRadeSa	
tUzRISIla	1
tabArisARu	
tabirasARa	
tallaha	
tamodarSana	
tannI	1
tantrAloka	1
tantrasadBAva	1
tanumant	1
tanuvAra	
tanuvIja	
tapAgacCanAyaka	1
tapaSa	
taraMgaRi	1
tarabAlikA	
taralAy	1
taralay	1
tarkapratibanDakatArahasya	1
tarkuSARa	1
tatAra	
tatsat	1
tattvAloka	1
tattvAmftaprakASinI	1
tattvArRava	1
tattvaSAradI	1
tattvaSikzopanyAsa	1
tattvacandrikA	1
tattvadIpa	1
tattvapariSudDi	1
tattvapradIpikA	1
tattvasamIkzA	1
tattvavindu	
tattvayATArTyadIpana	1
tavArisARa	
tavipulA	1
tejAqara	
tejaHsaMBava	1
tejala	
tejovIja	
tejovindUpanizad	
tfRAMhripa	1
tfRaduh	
tfRamatkfRa	
tfRanimba	
tfRavIja	
tfRavalvaja	
tfzitottara	
tigala	1
tilakAy	1
tilicCa	1
timikoza	
tiraScANgirasa	1
tirimiti	
tirohay	1
tirpili	
tirumala	1
toraSravas	1
toyakumBa	
tozayitar	1
trEloka	1
trapra	1
travAqilaGu	1
triBaNga	
triBadra	
triBukti	
triBuvanarAya	1
triHsAman	1
triSalAkApuruzacarita	1
triSarIraBErava	1
triSaraRatawaBIma	1
tridAlikA	1
trimUrta	1
trinagarI	
tripuwIPala	
trivIja	
triviDanAmAvalI	1
trivid	
trizazwilakzaRamahApuruzapurARasaMgraha	
trowihasta	1
truwivIja	
tuRqikerikA	1
tukajyotirvid	1
tulAvIja	
tumUla	1
tumbaluha	
turaMgadvizaRI	
turaMgaka	1
turiARa	
tuvarISimba	
tuvarayAvanAla	
tuzaspa	1
tuzwu	1
tvaNmanoyogasya	
tvalaga	1
tvarAyaRa	1
tvizAMpati	1
tyagala	
uBayAlaMkriyA	
uBayamuKI	1
uBayasaMBava	1
uMveka	1
uccAprAjApatya	1
uccIkar	
uccUla	1
udBUtarasasya	
udBija	1
udDavabrAhmaRa	
udGasa	1
udIcyavftta	
udaDIy	1
udaSray	1
udagranTi	
udakamata	1
udbAhulaka	1
udboDinI	
uddeSyaviDeyavoDasTalIyavicAra	
udepura	1
uditaqambAra	1
udyota	1
ukTyAmahIyava	
umAtilakatAla	
unmAdavant	1
unmattaveSa	
unmowana	1
unnidray	1
upAsakadaSa	1
upadAtar	1
upadIkar	
upakartar	1
upalaDipriya	1
upamAtar	1
upanetar	1
upasTAtar	1
upasTapatra	
upataptar	1
upayicArika	
upoccArin	1
upodbalay	1
uqidfzatAla	
uqiyAna	1
urImARa	
urRanABa	
uraHpArSvArDamaRqalin	1
uraka	
urasvant	1
uromaRqalin	1
utKarin	
utaTa	1
utareza	
uterijA	
utpalapatra	
utpatitar	1
utpatsu	1
uttAnapatraka	
uttApin	1
uttaNga	
uttarapAnTa	
uttareSvarASrama	1
uttareSvaratIrTa	1
uttareja	
uttarottarapadacCalA	1
uzRIkar	
vARadaRqa	1
vARarasI	1
vAcasAMpati	1
vAgGastavant	1
vAhadvipant	
vAjasa	1
vAjiBakza	
vAjimant	1
vAjisaneyaka	1
vAkra	1
vAlmIkeSvara	1
vAmanAcArya	1
vAmanIkar	
vAmanajayAditya	1
vAmanakASikA	1
vAnasi	
vApAtinArmeDa	1
vAqavahAraka	
vArIy	1
vArUQa	1
vAricAmara	1
vArttikatAtparyapariSudDi	1
vAsABft	1
vAsASva	1
vAtAya	
vAtAyanIya	1
vAtakalAkala	
vAtar	1
vAtiNgaRa	1
vAtigama	1
vAyasIkar	
vAyasekzu	
vERasomakratavIya	
vESaMpAyanIya	1
vEdyamAtar	1
vEkftavant	1
vEkrAntaka	1
vIpsa	1
vIrapattrA	
vaDUwaSayana	1
vaDvatI	1
vaMSasTabila	1
vaNgaSulvaja	
vaNke	
vaRikavrata	1
vacCala	1
vadanIBU	
vahitraka	1
vajahURa	
vajrada	
vajrakapAlin	1
valArAti	
valadviz	
valatI	1
valiSi	
valkabant	
valkila	1
vallaBanyAyAcArya	1
valliSUraRa	1
valmIki	1
vammAga	
vanabarvara	
vanahAsaka	1
vanakaRqula	
vanyopAdakI	1
vaqavAgnimala	
varAtuzwa	1
varAwaki	
varRadAtar	
varRamAtar	1
varayitar	1
varkarakarkara	
varzaMpuzpa	
vasantakusumAkara	1
vasantakusuma	1
vatsANka	
veTileha	
vedAntavAgISaBawwAcArya	1
vedamuKyA	1
vegAna	1
veganASyanASakaBAvarahasya	1
veliBukipraya	
venoviSAle	
vfDasAnu	1
vfdDatiktA	1
vfkzaMmUlika	
vfndArakAy	1
vfzAlalatatAyin	
vfzaBARu	1
vfzwiGna	
viBAsvant	1
viBettar	1
viDUratA	1
viDeyIBU	
viGnahantar	1
viGnavattA	
viSadAy	1
viSezatA	1
viSezayitar	1
viSiSnya	
viSokIkar	
viSudDeSvara	1
viSvaMBaraSAstra	1
viSvaSaMBu	1
viSvaprakASin	1
viSvavidvaMs	1
viSveSitar	1
viSvedevar	1
vicCAyay	1
vidAru	1
vidUray	1
vidiTa	1
vidraTa	1
vidruDi	1
vidyAgfha	
vihiMsin	
vihvalin	
vijAkA	1
vijjana	1
vikacIkar	
vikanikahika	
vikarttar	1
vikazvara	1
vikramAdityacarita	1
vilUray	1
vimalasarasvati	
vimanIkar	
vinAkfti	
vinDapattrI	1
vinigUhitar	1
vipravIti	
viprekzitar	1
virAgavant	1
viralaviralIBUta	
viroDAcaraRa	1
virudDArTadIpaka	
vismAraka	1
vitardDi	1
vivanDika	1
vivekya	1
viviwwyE	
vivoQar	1
vizAy	1
vizRukavi	1
vizRumiSra	1
vizRuvAjapeyin	1
vizaGa	
vizahantar	1
vizamAy	1
vizayIkar	
vizayatAvicAra	1
vizwivrata	1
vrIhirAjaka	1
vrakza	
vyADAy	1
vyADihantar	1
vyAlIy	1
vyAyatana	1
vyUhIkar	
vyaBicarita	
vyaNgaka	1
vyabasTAsArasaMgraha	
vyapadeSavant	1
vyaqqamaNgala	
vyasanavant	1
vyomolmuka	
wAMkara	1
wOwa	
waRwuka	
wodalatantra	
woqarakzmApati	1
wotalA	
wowaka	
yAjayitar	1
yAmAtar	1
yAvadABUtasaMplavam	1
yOvanamatta	
yOvanikA	
yadAvAjadAvarya	
yajYAtmamiSra	1
yajYIyabrahmapAdapa	
yajYadruha	
yajYakuRqala	1
yajYoqumbara	
yajurlakzmI	1
yakzoqumbaraka	
yamunABrAtar	1
yant	1
yogAy	1
yogAyana	1
yogIy	1
yoginIBErava	1
yojayitar	1
yonisaMBava	1
yonisaMvftti	
yugalAy	1
yuzmay	1
zaqa	1
zaqasra	
zaqga	
zaqiqaH	
zaqloha	
zarija	
zarolikA	
