key	verdict	locus	note
a-stems:14	AGREE	урок II (L285)	Полная парадигма deva/phala: 8 падежных форм (с Voc.) × 3 числа — «devaḥ, devau, devāḥ»; о частотности склонения на -a источник молчит.
a-stems:17	SILENT	—	Voc. — отдельная строка парадигм, статус падежа не обсуждается; искал «звательн», «Vocativ», «падеж».
a-stems:169	SILENT	—	Правило прилагательных на a есть (урок IX), о величине класса ничего; искал «прилагательн», «класс».
a-stems:172	AGREE	урок IX (L1183)	«Прилагательные на a (муж. и ср. р.), ж. р. ā» — три родовые парадигмы (deva/phala/jāyā); в словнике и ж. р. на ī (sundara f ī); 72 клетки — арифметика статьи.
a-stems:179	AGREE	урок III (L424)	Таблицы дают одну форму на слитые клетки: «devebhyaḥ (s)» покрывает D и Abl pl; jāyayoḥ — G/L du (урок IX, L1179); дуальные D/I/Abl слиты в одну клетку.
a-stems:202	SILENT	—	Ведийские варианты окончаний не упоминаются; искал devāsas, devebhis, «ведийск».
declension-overview:20	AGREE	урок IX (L1183)	«склоняются в муж. р. как deva, в ср. р. как phala и в ж. р. как jāyā»; парадигмы из 8 падежных строк × 3 числа (напр. aham: N.V., Acc, I, D, Abl, G, L).
declension-overview:22	AGREE	урок XX (L2583)	Склонение подано по исходу основы (на a, ā, i, u, ū, ṛ, o, au, согласный): «принимают те же окончания, что и nau».
declension-overview:86	AGREE	урок XXVI (L3475)	«I.sg. jarayā или jarasā; pādena или padā» — контраст -ena/-ayā/-ā; также vācā, rājñā, manasā; I-строки ряда ранних таблиц в файле утрачены.
consonant-stems:19	SILENT	—	Ранжирования «второй по важности» нет — согласные основы просто вводятся после гласных; искал «важн», «главн».
consonant-stems:22	AGREE	урок XXIV (L3135)	«В слабых пад. n отпадает перед консонантическими окончаниями» — rājabhiḥ, rājasu; V.sg. rājan/śrīman — краткая основа; термина «средняя ступень» нет.
consonant-stems:23	AGREE	урок XXIV (L3135)	«В N. sg. n всегда отпадает» (rājā); парадигма: rājānam (сильн.), rājñā (слаб.), rājabhyām/rājasu (перед согласными).
consonant-stems:30	AGREE	урок XXII (L2891)	«удлиняют i и отбрасывают n» в N.sg. (dhanī) и «перед окончаниями начинающимися с согласного»; перед гласными n сохраняется (dhaninam).
consonant-stems:31	AGREE	урок XXII (L2912)	«Сущ. ср. р. на as, is и us»; «в N. V. Асс. pl. получается āṅsi» — manāṅsi; м./ж. на as — вторичный подтип (sumanas, L2942).
consonant-stems:33	AGREE	урок XXI (L2717)	Корневые vāc, ruj, diś: окончания прямо к корню — «vācam... vācā... vāgbhyām»; vat/vas/añc — особые двухосновные классы (уроки XXIII–XXV).
consonant-stems:98	AGREE	урок XX (L2591)	«В сильных падежах, N. Асc.sg. m., N. V. Acc. du. m, N. V. pl. m»; слабые rājñā, rājñaḥ, rājñi; средние rājabhyām, rājabhiḥ, rājasu (L3149–3151).
pronouns:19	SILENT	—	Списки и парадигмы местоимений даны, тезиса о закрытом непополняемом классе нет; искал «местоимен», «класс».
pronouns:22	AGREE	урок XIX (L2450)	«Основы --- mad, asmad» (aham), «tvad, yuṣmad» (tvam); «Местоимение третьего лица tad он, она, оно; тот» — роль 3 л. играет tad.
pronouns:25	AGREE	урок XIX (L2450)	tad «тот», etad «этот» (L2473); «idam этот» (L3543), «adas тот» (L3568, урок XXVII) — весь ряд в наличии.
pronouns:26	AGREE	урок XIX (L2493)	«kim образует N. sg. kaḥ, kā, kim», Acc. kam/kām/kim, далее следует tad.
pronouns:27	AGREE	урок XIX (L2475)	«yad который: yaḥ, yā, yat» — в списке склоняемых как tad.
pronouns:28	AGREE	урок XIX (L2561)	«kas, kā+cit, +cana или +api - кто-нибудь, некто»; kim+cit/cana/api — вопросительное + частица.
pronouns:29	AGREE	урок XIX (L2489)	sarva и др. «склоняются как tad»; anya — как tad (L2477), para/pūrva — как sarva (L2499); sama не упомянут; в Abl.L.sg. и N.pl. допустим и тип deva.
pronouns:32	AGREE	урок XIX (L2463)	Парадигма tad: «tasmai... tasmāt... tasmin... teṣām» — особый местоименный образец; уникальность окончаний прямо не тематизирована.
pronouns:90	AGREE	урок XVIII (L2334)	aham: «mahyam, me», «mama, me», «asmākam, naḥ»; tad: saḥ/sā (без t-), tasmai, tasmāt, tasmin, teṣām (L2458–2469).
thematic-present:14	AGREE	урок I (L129)	«Корни по этому делятся на десять классов»; четвёрка на a: «С конечным a основы наст. вр. I, IV, VI и X классов» (L2071); vadati, lubhyati, tudati, X на aya.
thematic-present:129	AGREE	урок III (L415)	VI кл. «вставляют a, но их гласные не заменяются... guṇa», I кл. — с guṇa (урок II); об акценте и совпадении без него источник молчит.
thematic-present:134	SILENT	—	IV кл. ya (урок V, L652) и пассивное ya (урок X, L1301) даны порознь; совпадение форм и акцент не обсуждаются; искал «IV кл», «страдательн».
thematic-present:150	AGREE	урок XXXV (L4901)	V: «сильн. no [ṇo], слаб. nu»; VIII o/u (L5095); IX «nā [ṇā]» (L5241); VII «вставляют na [ṇa], в слабых n» (L6183); III — удвоение (L6003); IV — ya (L652).
thematic-present:92	AGREE	урок XVIII (L2300)	Каузатив на paya/aya «спрягается точно так как глаголы Х кл.»; X кл. — в группе основ на a (L2071); отыменные — урок XLVIII.
thematic-present:94	SILENT	—	Утверждение о списках Уитни; у Бюлера kṛ приписан только VIII кл. (L5097), многоклассность корней не обсуждается.
thematic-present:186	AGREE	урок V (L699)	«as IV - бросать, метать» против «Корень as II. Р. Ā., быть» (урок XL, L5867) — оба омонима с разными классами.
conjugation-overview:25	AGREE	урок I (L116)	«десять времен и наклонений... три числа... для трех лиц»; каждая форма в parasmaipada и ātmanepada — все оси заявлены.
conjugation-overview:26	AGREE	урок I (L118)	В списке 10 форм: indicativus (наст.), imperfectum, «perfectum», «аорист», «простое будущее», «описательное будущее»; склейка прошедших в DCS — вне источника.
conjugation-overview:27	AGREE	урок I (L118)	В списке: imperativus, optativus, «conditionalis», «precativus (benedictivus)»; субъюнктив/инъюнктив не трактуются (лишь mā + безаугментный аорист, L7007).
conjugation-overview:28	AGREE	урок I (L116)	Активная (parasmaipada) и медиальная (ātmanepada) формы; «Страдательный залог образуется при помощи суффикса ya» (урок X, L1301).
imperfect:19	AGREE	урок XI (L1417)	От основы наст. вр. + вторичные окончания: «Перед глаголом появляется приращение a»; ajaya, avadat.
imperfect:21	AGREE	урок XI (L1439)	«Imperfectum выражает прошедшее время и употребляется в историческом рассказе».
imperfect:76	AGREE	урок XI (L1419)	При слиянии приращения с начальным гласным «получается соответствующий двугласный vṛddhi»; āsīt — в парадигме as (L5897).
imperfect:77	AGREE	урок XI (L1431)	Парадигма: «a-vad-a-m, a-vad-a-ḥ, a-vad-a-t»; -va, -tam, -tām; -ma, -ta, -an — весь набор совпадает.
imperfect:78	AGREE	урок XXXVI (L5127)	«akarot» (основа karo-, L5097); bhava- (урок II), bravī- (L5551); abhavat/abravīt в файле не напечатаны, но прямо следуют из правила урока XI.
imperative-optative:19	AGREE	урок I (L129)	«Первые четыре производятся от особой основы настоящего времени» — ind., impf., imperativus, optativus; прекатив/кондиционал — периферия в конце курса.
imperative-optative:89	AGREE	урок XIV (L1801)	vada, vadatu, vadata; «оканчивается на dhi, после гласных его заменяет hi или оно отпадает» (L4897); «2-е и 3-е лицо... выражают приказание» (L1859).
imperative-optative:92	AGREE	урок XVI (L2071)	«оптативный ī сливается в e» (vadet) + окончания имперфекта; атематически «при помощи yā» (L4899): sunuyāt, syām (L5917).
imperative-optative:93	AGREE	урок XVI (L2085)	«Optativus обыкновенно выражает возможность, желание или приказание»; шастровое «следует» отдельно не выделено.
imperative-optative:57	AGREE	урок XIV (L1859)	«Второе и третье лицо императива большей частью выражают приказание» — юссивное 3 л.; astu в парадигме as (L5913), глосса «пусть» не даётся.
perfect:14	AGREE	урок XLIII (L6379)	«А. Перфект с удвоением»; описательный перфект обязателен для тяжёлых начал и «всех корней X кл, всех каузативов» (L6673): «суффикс ām» + āsa/cakāra/babhūva.
perfect:16	SILENT	—	Утверждение о тексте Уитни; у Бюлера veda — лишь альтернативный индикатив vid II (L5707), перфектом не назван; искал veda, viveda, vid.
perfect:105	AGREE	урок XLV (L6937)	Перфект образуется удвоением без приращения (урок XLIII), а «Третий аорист --- по форме есть imperf. с удвоением»: аугментированная редуплицированная форма — аорист.
perfect:100	AGREE	урок XLV (L6943)	III аорист: аугмент + удвоение, «образуется от корней X кл. и каузативов»; «pat Р., apaptat»; самих ajījanat/avīvṛdhan нет (ср. ajagaṇat, avīvṛtat).
perfect:101	SILENT	—	adadat не рассматривается: dā даёт adāt (I тип) и adita (IV Ā., L7083), adadhat — от dhe «сосать» (L6941); искал adadat, dadā.
perfect:118	AGREE	урок XLIII (L6677)	«в Par. āsa, cakāra или babhūva, в Ātm. cakre» — тройка as/kṛ/bhū; частотная иерархия и §§ Уитни не обсуждаются.
perfect:124	AGREE	урок XLIII (L6673)	Описательный перфект «обязателен» для «всех корней X кл, всех каузативов... и отыменных глаголов» — т.е. производных основ на aya.
perfect:134	AGREE	урок XLI (L6003)	III кл.: «личные окончания прямо к корню, причем в корне происходит удвоение»; bibharti (L6029), juhoti (L6125); dadāti в файле не встретился.
aorist:19	AGREE	урок XLV (L6907)	Семь нумерованных аористов (I–VII, уроки XLV–XLVII); употребляются как «редких форм прошедшего времени, совершенно равноправно с perf. и imperf.» (L7007).
aorist:84	AGREE	урок XLV (L6909)	I abhūt; II agamat, «vac Р., avocat»; III редуплиц. (X кл./каузативы); IV akārṣīt; V alāvīt (i/ī); VI ayāsīt (siṣ); VII adikṣat (sa) — все с аугментом.
aorist:108	AGREE	урок XLV (L6937)	«Третий аорист --- по форме есть imperf. с удвоением»; II «образуется также как impf.» тематич. класса, VII «спрягается подобно impf. I кл.» (L7133).
aorist-types:19	AGREE	урок XLV (L6907)	Аорист дан семью параллельными образованиями («Первый аорист»... «Седьмой аорист»), тогда как imperf. и perf. — по одному способу.
aorist-types:61	AGREE	урок XLV–XLVI (L6907, L7013)	Сам делит так же: «Корневые аористы» (I–III: root/them/red) против «образованные при помощи суффиксов (сигматические)» (IV s, V iṣ, VI siṣ, VII sa); Уитни не назван.
aorist-types:89	AGREE	урок XLV–XLVII (L6909–L7133)	Все типы: abhūt, avocat, III «по форме есть imperf. с удвоением» (от каузативов, L6945), akārṣīt, V с i/ī (-īt), VI ayāsīt, VII «от корней на ś, ṣ и h»; аугмент как в impf.
aorist-types:63	AGREE	урок XLV (L6911)	Парадигма abhūt от «bhū возникать, становиться» (I корневой аорист); суплетивная связь с as не обсуждается.
future:23	AGREE	урок XLIV (L6757)	«посредством суфф. sya [ṣya]... принимающего окончания ind. praes.»; guṇa корня (L6759); kariṣyati, bhaviṣyati.
future:24	AGREE	урок XLIV (L6735)	«nominis actoris на tṛ» + формы as для 1–2 л.; «в третьем лице глагольная форма опускается»; bhavitā, kartā.
future:26	SILENT	—	Опис. будущее дано только формально (ур. XLIV); о значении «отдалённое/предначертанное» ничего — искал «отдал-», «неизбеж-».
future:28	AGREE	урок XLIV (L6841)	«Imperfectum, образованное от простого будущего, называеся conditionalis», в условных предложениях; adāsyat; контрфактика видна в упражнении (L7009).
ta-na-participles:19	AGREE	урок XXVII (L3593)	«Part. perf. pass. образуется посредством ta, f. ā, или na [ṇa], f. ā»; употребляется как прилагательное (L3651).
ta-na-participles:20	AGREE	урок XXVII (L3651)	«часто со значением глагола (verbi finiti), напр. sa gataḥ „он пошел“» — активное прош. значение от непереходного.
ta-na-participles:26	AGREE	урок XXVII (L3595)	«na обыкновенно присоединяется к глаголам на ṝ... на r и на простой d»: sanna, bhinna, bhagna, līna; -ta — общий случай.
ta-na-participles:28	AGREE	урок XXVIII (L3797)	«Конечные dh и bh превращаются в d и b, а следующий за ними t - в dh»: baddha, labdha; dagdha, gūḍha (L3805–3839).
ta-na-participles:84	AGREE	урок XXVII (L3593)	«от корня, принимающего обыкновенно кратчайшую форму».
present-perfect-participles:19	AGREE	урок XXVII (L3591)	По сути: причастия склоняются с ж.р. ā/ī и рубрицируются по времени и залогу — «Part. praes. Ātm. ... посредством māna..., f ā».
present-perfect-participles:102	AGREE	урок XXIII (L3047)	«Имена муж. р. на at в сильных пад. имеют ant»; ж.р. на ī = -antī/-atī по классам (L3068, L3072); согласное склонение.
present-perfect-participles:103	AGREE	урок XXVII (L3591), урок XXXV (L5013)	«посредством māna» для I, IV, VI, X; «классов II, III, V, VII, VIII, IX... при помощи суф. āna» (sunvāna).
present-perfect-participles:104	AGREE	урок XXVII (L3591)	«причастие страдательного залога образуется посредством māna... kriyamāṇa» — от пассивной основы наст. вр.
present-perfect-participles:105	AGREE	урок XXV (L3275), урок XLIII (L6723)	«в сильных падежах основу на vāṃs... в слабых... на uṣ», vidvān/viduṣ; «Part. perf. Ātm. ... посредством āna» (dadhāna, cakrāṇa).
present-perfect-participles:107	SILENT	—	Семантического теста (одновременность vs состояние) нет — искал «одновремен-», пояснения к значению причастий отсутствуют.
gerundive:19	AGREE	урок XXX (L4257)	«Part. fut. pass.» на tavya/anīya/ya, все f. ā; «если должна быть выражена необходимость» (L4263); агенс в Instr. — общее правило пассива (ур. X, L1327).
gerundive:93	AGREE	урок XXX (L4257)	«Part. fut. pass. образуется посредством tavya (f ā), anīya... и ya» — ровно три суффикса и тот же термин.
gerundive:94	AGREE	урок XXX (L4263)	«Конечные i и ī изменяются в guṇa, а ṛ и ṝ в vṛddhi, напр. ji -- jeya; kṛ - kārya».
gerundive:95	AGREE	урок XXX (L4259)	«Перед tavya с корнями происходят те же изменения... как в инфинитиве, напр. vaktavya, labdhavya».
gerundive:96	SILENT	—	Правила для anīya даны (L4261), но анализа -ana (имя действия) + -īya нет; искал «anīya», «имя действия».
gerundive:97	AGREE	урок XXX (L4257)	Все три объединены одним «Part. fut. pass. образуется посредством tavya, anīya и ya» = одна функция; стилистика/метрика выбора не обсуждаются.
infinitive:19	AGREE	урок XXX (L4123)	«Infinitivus образуется посредством суффикса tum», guṇa; соед. i (bhavitum, L4249); śak+inf. (сноска L11871), цель в упражнениях; про вин.п. на -tu ничего.
infinitive:95	AGREE	урок XXX (L4259)	«Перед tavya... те же изменения... как в инфинитиве»; тождество с -ta прямо не сформулировано (лишь -tvā ~ ta/na, L3989).
infinitive:98	SILENT	—	Ведийских инфинитивов и истории формы нет — искал «tave», «dhyai», «ведийск-»; курс даёт только классический -tum.
absolutive:19	AGREE	урок XXIX (L4033)	«переводить... „когда, после того как“» — предшествующее действие; несклоняемость и односубъектность явно не оговорены.
absolutive:25	AGREE	урок XXIX (L3987, L4011)	«К простым корням tvā»; с приставками «посредством ya или, если корень оканчивается на краткий гласный, посредством tya»; praṇamya (L4019).
absolutive:82	AGREE	урок XXIX (L3989)	«корень принимает кратчайшую (слабейшую) форму»: gatvā, bhūtvā, uktvā.
absolutive:84	AGREE	урок XXIX (L4027)	«Очень редкая форма abs. образуется при помощи am» (smāram, bhojam); ведийская атрибуция не даётся.
absolutive:107	SILENT	—	Корпусные проценты DCS вне источника; у Бюлера нет статистики -tvā/-ya (искал подсчёты, «%»).
passive:19	AGREE	урок X (L1301)	«при помощи суффикса ya... принимает личные окончания Ātm.»; ucyate (L1325), kriyate (L1311); слабые формы корня; акцент не обсуждается.
passive:26	SILENT	—	IV кл. на ya (L652) и пассив (L1301) даны порознь; формальное совпадение основ и различие по акценту не обсуждаются.
passive:106	AGREE	урок XLVII (L7195)	«страд. залога образуются посредством окончаний Ā» (перфект, futura, cond., prec.); часть про DCS-теги — вне источника.
causative:14	AGREE	урок XVIII (L2300)	«Causativus... посредством суффикса paya или aya», подъём гласных guṇa/vṛddhi (L2306–2320); значение: «dāpayati он заставляет давать».
causative:113	AGREE	урок XVIII (L2320)	«kṛ, kārayati», «budh, bodhayati» (L2312), «gam, gamayati» — исключение без удлинения (L2308); darś caus. показывать (L2360).
causative:114	AGREE	урок XVIII (L2302)	«paya присоединяется к большинству корней на ā и двугласные»: jñāpayati, dāpayati; sthāpayati (L7003) — тот же вставной -p-.
causative:115	AGREE	урок XVIII (L2300)	«спрягается точно так как глаголы Х кл.»; неоднозначность обратного разбора -aya- не обсуждается.
causative:151	AGREE	урок XLVIII (L7371)	Отдельный раздел «Denominativa, отыменные формы»: «образуются посредством ya, aya, āpaya» — laghayati, muṇḍayati.
causative:32	AGREE	урок XXVII (L3591)	«Part. praes. Ātm. классов I, IV, VI и X и каузативов» + Ā-формы каузативов в precat. (L6855) — оба залога.
word-structure-overview:25	SILENT	—	Модели корень→основа→словоформа и четвёрки способов (kṛt/taddhita/samāsa) нет; искал «kṛt», «taddhita», «деривац-».
word-structure-overview:30	SILENT	—	Утверждение о тексте Уитни; Бюлер Уитни нигде не цитирует (grep «Уитни/Whitney» — 0 попаданий).
word-structure-overview:83	SILENT	—	Статистики инвентаря корней нет — искал «%», подсчёты по классам; классы даны без количеств.
word-structure-overview:28	SILENT	—	Категории kṛt/первичной деривации нет; формы даются по урокам без деривационной рамки (искал «kṛt», «первичн-»).
krt-overview:19	SILENT	—	Термина kṛt и рамки первичной деривации нет (искал «kṛt», «деривац-»); отдельные формы есть, категории — нет.
krt-overview:34	SILENT	—	Ссылка на инвентарь у Уитни 1889; Бюлер Уитни не цитирует (grep — 0).
krt-overview:61	AGREE	урок XXIX (L3985, L4011)	«Absolutivum или Gerundium» на tvā и «Absolutivum на уа»; плюс редкий -am (L4027).
krt-overview:62	AGREE	урок XXX (L4257)	«Part. fut. pass. образуется посредством tavya..., anīya... и ya».
krt-overview:63	AGREE	урок XXX (L4123)	«Infinitivus образуется посредством суффикса tum».
krt-overview:67	SILENT	—	Утверждение о тегах разметки DCS; сами -ta/-na как прич. прош. страд. у Бюлера есть (ур. XXVII), но о корпусной разметке он молчит.
krt-suffixes:14	SILENT	—	Утверждение о §§ Уитни; Бюлер Уитни не цитирует и инвентаря kṛt-суффиксов не даёт.
krt-suffixes:96	SILENT	—	Различение посессивного -in/-vin и агентивного kṛt -in не обсуждается; -in-слова только в словарных списках (tapasvin, prakāśin).
krt-suffixes:155	SILENT	—	Морфемного членения jana не даёт; деривационных разборов имён в курсе нет (искал «jan», разборы на -a/-ana).
krt-suffixes:147	SILENT	—	Деривация gati < gam+ti не обсуждается; gati только как словарное слово (искал «gati», имена на -ti).
taddhita-overview:19	SILENT	—	Термина taddhita и темы вторичной деривации нет (искал «taddhita», «вторичн-»); патронимы с vṛddhi не обсуждаются.
taddhita-overview:200	SILENT	—	Инвентаря taddhita нет; tara/tama даны лишь как степени сравнения (L4579), системы вторичных суффиксов нет.
taddhita-overview:205	SILENT	—	Полисемия суффикса -ya не обсуждается, Уитни не цитируется; -ya у Бюлера только герундив/пассив/абсолютив.
taddhita-overview:144	SILENT	—	Искал: притяжат., патроним., -in/-ya. Есть лишь склонение имён на in (dhanin, урок XXII) и mat/vat; омонимия суффиксов не обсуждается.
preverbs:19	AGREE	урок IX (L1195)	«Перед глаголами появляются часто следующие приставки» — со значениями (ava вниз, ud вверх…); ā-gam «приходить» при gam «идти»; ср. урок XIII (L1691).
preverbs:99	SILENT	—	Утверждение о тексте Уитни; Бюлер Уитни не цитирует (поиск Уитни/Whitney — 0 хитов).
preverbs:104	SILENT	—	Искал: тмесис, разделы о приставках (L1195, L1691). Лексикализация, стопка превербов и ведийский тмесис не обсуждаются.
compounds-overview:24	DISAGREE	урок XXXIII (L4671–4681)	«Обратные случаи: pūrvakāyaḥ = pūrvaṃ kāyasya»: вершина-слева не только в двандве; ядро же есть — «один член (большей частью передний)».
compounds-overview:29	AGREE	урок XXXIII (L4659–4683)	Четыре разряда + avyayībhāva; «наречия или приложения (karmadhāraya)» — подтип tatpuruṣa; но dvigu у Бюлера — подтип tatpuruṣa, не кармадхараи.
tatpurusha:14	AGREE	урок XXXIII–XXXIV (L4659–4779)	«Соединительные составные имена (dvandva)», tatpuruṣa, bahuvrīhi, avyayībhāva — те же 4 класса; pradhāna-критерия и kevala-samāsa нет.
tatpurusha:191	SILENT	—	Целиком о кодовой книге/реестре разметки; у Бюлера об этом ничего (dvigu — подтип tatpuruṣa, L4683).
tatpurusha:92	SILENT	—	Граница K/B дана только через разные виграхи (yasya saḥ, L4767); тезис об эндо-/экзоцентричности и невыводимости из членения не формулируется.
tatpurusha:179	SILENT	—	Искал: многочленные композиты, членение, рекурсия. Правило право-левого рекурсивного членения не формулируется.
tatpurusha:162	AGREE	урок XXXIII (L4675)	«разрешается посредством предложения с verbam finitam»: prajāpālaḥ = prajāḥ pālayatīti — kṛt-вершина с объектом слева; термина upapada нет.
bahuvrihi:19	AGREE	урок XXXIV (L4765)	«Притяжательными сложными словами (bahuvrīhi)»; виграха yasya saḥ выносит референт вовне; эпоним «много риса» не разъяснён.
bahuvrihi:58	SILENT	—	Пары mahāpuruṣa (karmadh., L4679) / mahābāhuḥ (bahuvr., L4767) есть, но принцип «класс не выводится из членов» не формулируется.
bahuvrihi:106	AGREE	урок XXXIV (L4765–4771)	«saputraḥ или sahaputraḥ = putreṇa sahitaḥ», aputraḥ, caturmukhaḥ, косв.-падежный член (asipāṇiḥ); терминов samānādhikaraṇa/vyadhikaraṇa нет.
bahuvrihi:84	AGREE	урок XXXIV (L4767)	«dīrghabāhuḥ = dīrghāu bāhū yasya saḥ» — разрешение относительным оборотом, референт вне композита.
case-system-overview:19	AGREE	урок II–IV (L281–303, 421–428, 534–547)	Парадигмы дают ровно 8 падежей: «Nom. devaḥ», Voc, Acc, I (phalena), D, Abl, G, L; термина vibhakti и счёта «восемь» нет.
case-system-overview:51	AGREE	урок II–III (L305–309, 432–442)	«Nominativus — падеж подлежащего»; функции Acc/Ins/Dat/Abl/Gen/Loc по сути те же; Voc не комментируется; Abl-сравнение — отдельно (L4609).
case-system-overview:66	SILENT	—	Функции Dat (L436) и Gen (L440) описаны; о переходе адресата от датива к генитиву ничего.
case-system-overview:68	AGREE	урок III (L436)	«то, в пользу чего действие совершается (Dativus commodi)»; в словаре «ради -artham» (L11265); историческое «сохранился» не обсуждается.
case-system-overview:70	DISAGREE	урок XXXIII (L4657, 4673)	«Иногда первый член удерживает падежное окончание» (vācaspatiḥ); дефолт («принимает форму основы») совпадает, но исключения против «только».
case-system-overview:92	AGREE	урок II–III (L281–303, 421–430)	«phalena, phalāya и т. д.»; в таблицах devaḥ/devam/devāya/devāt/deve, Voc deva; -asya: devasya (L4769).
case-system-overview:98	AGREE	урок III (L434)	«выражает сопровождение, действующее лицо или орудие»; агенс пассива в Instr (L1327); образ действия и причина не названы.
case-system-overview:100	AGREE	урок XXXII (L4609)	«Сравнительная степень сочетается с Аbl.»
case-system-overview:101	AGREE	урок III (L442)	«обозначает место и время совершения действия»; loc. abs. лишь в тексте и пометах упражнений (proṣite sati L4751; L6903), без правила.
case-system-overview:102	SILENT	—	Искал: kāraka/карак, роли Панини. Падежи описаны функционально, модель карак не упоминается.
case-system-overview:113	AGREE	урок XX (L2595)	«в N. V. Асc. sg. n.» — синкретизм ср.р.; в таблицах phala N=V=Acc, дв.ч. devau/phale (урок II); ср. «совпадает с N. V. Асc. du. n.» (L3072).
nominative-accusative:52	AGREE	урок II (L307)	«Nominativus — падеж подлежащего»; предикатив отдельно не назван.
nominative-accusative:57	SILENT	—	Локатив абсолютный не трактуется (лишь пометы loc. abs. в упражнениях); о локативных подлежащих ничего.
nominative-accusative:61	SILENT	—	Искал: сказуемое, связка, Nom. Правило о номинативе именного сказуемого не формулируется.
nominative-accusative:79	AGREE	урок II (L309)	«направление и протяжение (время и пространство)» сверх прямого дополнения; наречные употребления не названы.
nominative-accusative:88	SILENT	—	yāc в книге отсутствует; двойной Acc упомянут только у каузативов (L2326).
nominative-accusative:113	SILENT	—	Искал: prathamā, dvitīyā. Только порядковые числительные (L4487); туземные имена падежей не даются.
nominative-accusative:116	SILENT	—	«двойными Acc.» — только о каузативах (L2326); yāc/duh/nī/śās с двумя Acc не обсуждаются.
instrumental-dative:50	AGREE	урок III (L434)	«с кем? посредством чего?… орудие»; но «основным» его среди трёх значений не называет.
instrumental-dative:53	AGREE	урок X (L1327)	«Действующее лицо (или вещь) стоит в Instr.» — при пассивной конструкции.
instrumental-dative:57	AGREE	урок III (L434)	«выражает сопровождение»; тж. saha «вместе» (+In.) (L1283).
instrumental-dative:66	SILENT	—	Функции Dat (L436) и Gen (L440) без слова о переходе адресата к генитиву.
instrumental-dative:76	AGREE	урок III (L436)	«то, в пользу чего действие совершается»; словарь: «ради -artham» (L11265); о «наречном употреблении» не говорит.
instrumental-dative:97	AGREE	урок III (L434)	«сопровождение, действующее лицо или орудие»; saha +In. (L1283); агенс пассива (L1327); мера/цена/путь не названы.
instrumental-dative:99	AGREE	урок III (L436)	«то, в пользу чего действие совершается (Dativus commodi)»; адресат давания в текстах: brāhmaṇebhyo dattāni (L4573).
instrumental-dative:101	SILENT	—	Искал: ведийск., -tave, инфинитив (только tum, урок XXX). Ведийский датив не обсуждается.
ablative-genitive:53	AGREE	урок III (L438)	«отвечает на вопрос откуда? и обозначает причину»; сравнение: «Сравнительная степень сочетается с Аbl.» (L4609).
ablative-genitive:69	AGREE	урок III (L440)	«всякого рода принадлежность»; о посессивных местоимениях как заполнителях падежа ничего.
ablative-genitive:72	SILENT	—	Dat (L436) и Gen (L440) описаны без тезиса о переходе роли адресата.
ablative-genitive:75	AGREE	урок V (L693)	«krudh IV — гневаться (+D., Gen.)», snih (+Gen., Loc.) — глагольное управление Gen.; партитивность не обсуждается, Gen. partitivus — адноминально (L440).
ablative-genitive:134	SILENT	—	Искал: Gen. abs., самостоятельный, paśyataḥ. Генитив абсолютный не упоминается.
ablative-genitive:136	SILENT	—	Генитива абсолютного в книге нет (поиск absolut/самостоятельн.), сравнивать частотность не с чем.
ablative-genitive:131	AGREE	урок V (L687)	«Предлог ā … согласуется с Acc. или Abl.»; ṛte в книге отсутствует.
ablative-genitive:132	AGREE	урок III (L440)	«всякого рода принадлежность (Genitivus subjectivus, objectivus и partitivus)»; термина śeṣa нет.
locative:56	AGREE	урок III (L442)	«место и время совершения действия, и также направление» (≈ локатив цели); сфера/условие не названы.
locative:22	SILENT	—	Правило loc. abs. не формулируется; конструкция лишь в тексте (proṣite sati, L4751) и пометах упражнений (L6903, 7127).
locative:123	SILENT	—	Устройство локатива абсолютного (согласование, набор причастий, sati) не описывается; только пометы loc. abs. в упражнениях.
karaka-case:24	SILENT	—	Искал: kāraka/карак, sampradāna/apādāna. Модель карак Панини не упоминается.
karaka-case:99	AGREE	урок III (L434)	«сопровождение, действующее лицо или орудие» — один падеж, несколько функций; Gen. subjectivus (L440); Nom — подлежащее (L307); Instr в пассиве (L1327).
karaka-case:146	SILENT	—	Утверждение о композиции грамматики Уитни; Бюлер Уитни не упоминает.
karaka-case:162	AGREE	урок X (L1327)	«Личная пассивная конструкция очень употребительна»; в упражнении пациенс при pass. помечен nom. (L4753).
voice:23	AGREE	урок I (L116)	«и активную (parasmaipada), и медиальную (ātmanepada) форму»; пассив — урок X (L1301); термина karmaṇi нет.
voice:69	AGREE	урок X (L1327)	«Действующее лицо (или вещь) стоит в Instr.»
voice:128	AGREE	урок VIII (L1042)	«действие совершается для самого же действующего лица» — при наличии обеих пад; «очень многие глаголы спрягаются только в Ātm.» — выбор лексичен.
voice:131	AGREE	урок X (L1301)	«образуется при помощи суффикса ya» + окончания Ātm. (kriyate, L1311); impf./imper./opt. пассива — окончания Ātm. (L1652, 1949); аорист пассива (L7153).
HK-1	AGREE	урок XLV (L7007)	«аористы большей частью употребляются в качестве редких форм прошедшего времени»; о ведийской доле и «лишь части корней» молчит.
HK-2	AGREE	урок XIX (L2561)	Словарная формула «kas, kā+cit, +cana или +api — кто-нибудь»: склоняемая вопросительная часть + неизменные частицы; явного правила и сандхи-оговорки нет.
HK-3	AGREE	урок XXX (L4257)	«Part. fut. pass. образуется посредством tavya... anīya... и ya» — одна категория; i перед tavya по правилам инфинитива.
HK-4a	AGREE	урок XLIV (L6757)	«можно образовать от любого корня; ...посредством суфф. sya [ṣya]».
HK-4b	DISAGREE	урок XLIV (L6757-6763)	У Бюлера i лексичен (по инфинитиву); дифтонги → ā+sya: «gai, gāsyati», также «śru, śroṣyati» без i; совпадает лишь «у корней на ṛ всегда вставляется i».
HK-5	SILENT	—	Второй (тематический) аорист описан (у. XLV) без частотного ранжирования типов; искал «аорист», «редко/большей частью».
HK-6	AGREE	урок XXVII (L3591)	«причастие страдательного залога образуется посредством māna [māṇa], f ā» — a-основа, ж.р. на ā.
HK-7	SILENT	—	Фонетического раздела нет (текст начинается с лигатур); искал «преоблада», «гласн».
HK-8	SILENT	—	ḹ в тексте вовсе отсутствует; о редкости ṝ/ḷ ничего; искал «ḹ/ḷ», «редк».
HK-9	AGREE	урок VII (L936)	«в d перед начальными гласными и звонкими g, gh, d, dh, b, bh, y, r, v, h».
HK-10	SILENT	—	Правил ударения нет; искал «ударени», «энклит» (лишь заметка об энклитич. местоимениях L2509).
HK-11	AGREE	урок IV (L576)	«висарга окончаний iḥ, īḥ, uḥ... превращается в r» перед гласными и звонкими; из aḥ/āḥ — только восходящая к ar/ār, т.е. не после a/ā.
HK-12	SILENT	—	О доле a-основ среди существительных ничего; искал «большая часть», «распространён».
HK-13	AGREE	урок XX (L2587)	«Сущ. ср. р. в N. V. Асc. du. имеют суффикс ī, а в pl. ni»; во всех парадигмах ср.р. N=V=Acc (phala, vāri, madhu, manas).
HK-14	AGREE	урок IX (L1166)	«Существительные жен. р. на ā; jāyā жена» — ā-основы поданы как женский род.
HK-15	AGREE	урок XI (L1439)	«Imperfectum выражает прошедшее время и употребляется в историческом раcсказе».
HK-16	DISAGREE	урок XVII (L2228-2238)	«Существ. м. и ж. р. на ā, ī и ū» — м.р. khalapū, yavakrī, grāmaṇī против «всегда женского рода»; nadī/vadhū (у. XI/XIV) даны как ж.р.
HK-17	SILENT	—	L1859 — о значениях лиц императива; о частотности форм 2-го лица ничего; искал «императив», «лицо».
HK-18	AGREE	урок I (L131)	«присоединяется а, который в первом лице ед., дв. и мн ч. ind. заменяется ā»; о доле тематических глаголов молчит.
HK-19	AGREE	урок XXXVII (L5295)	«в середине содержат носовой, всегда его лишаются, напр. bandh»; о доле корней на носовой+согласный молчит.
HK-20	AGREE	урок XXXV (L4895)	«в III классе... anti и antu также теряют n».
HK-21	AGREE	урок XLIV (L6761)	«c, j, ś, ṣ, kṣ и h превращаются в k, после которого... sya переходит в ṣya».
HK-22	AGREE	урок XV (L2001)	«svasṛ сестра, N.sg. svasā»; так же pitā/mātā (парадигма у. XVI) — N.sg. на ā без r.
HK-23	SILENT	—	Conditionalis описан (у. XLIV L6841: условные предложения), о редкости молчит; искал «conditional», «редко».
HK-24	AGREE	урок XLI (L6005)	«придыхательные заменяются соответственными согласными без придыхания»; в перфекте bibhid, babhūva (у. XLIII).
HK-25	AGREE	урок XLIII (L6673)	От обратного: перифраст. «обязателен для всех односложных корней, начинающихся с... ī, ū, ṝ или двугласных» — простой перфект от остальных односложных.
HK-26	AGREE	урок XLIII (L6419-6429)	Без i только «dru... śru, stu и sru... kṛ, bhṛ, vṛ и sṛ»; остальные «должны или могут вставлять» i перед консонантными окончаниями.
HK-27	AGREE	урок X (L1327)	«Личная пассивная конструкция очень употребительна... Действующее лицо (или вещь) стоит в Instr.»; N объекта и согласование — суть личной конструкции.
HK-28	AGREE	урок X (L1327)	«и безличная — как при переходных, так и при непереходных»; про «всегда 3 л. sg.» явно не сказано (следует из безличности).
HK-29	AGREE	урок XXVII (L3593)	«посредством ta, f. ā, или na [ṇa]... от корня, принимающего обыкновенно кратчайшую форму»; na — для ограниченного круга корней; об ударении молчит.
HK-30	AGREE	урок XIX (L2489-2491)	«склоняются как tad, за искл. N. V. Асc. sg., которые оканчиваются на m» (viśvam, sarvam).
HK-31	DISAGREE	урок XX (L2585)	Ядро совпадает, но: «...t, n, p, m; l; корневые сочетания rk, rṭ, rt, rp» — допускает финальные группы rk/rṭ/rt/rp против «только одну согласную».
HK-32	SILENT	—	Ср.р. (L2912) и м/ж (L2942) на as/is/us описаны, о преобладании среднего рода молчит; искал «as, is», «большинство».
HK-33	AGREE	урок XXXI (L4461-4479)	«pañcan... N. V. Асc. pañca, I. pañcabhiḥ» — одна парадигма без родов; tri m/n как i-основы, «f N. V. Acc. tisraḥ, I. tisṛbhiḥ».
HK-34	SILENT	—	Общего правила «род по последней основе» нет (лишь частное о dvigu, L4683); искал «род», «последн».
HK-35	AGREE	урок XXXIII (L4661)	«во множ. ч., если они состоят из нескольких слов»; samāhāra-dvandva при этом ср.р. ед.ч. (L4663) — край квантора явно не тронут.
HK-36	DISAGREE	урок XVIII (L2300)	«От всех глагольных корней может быть произведен Causativus» — против «свойственна не всем корням»; переходность (L2326) совместима.
HK-37	DISAGREE	урок XLVIII (L7319)	«односложные корни... начинающиеся с согласных» — ограничение по началу, не по исходу; корни на гласный (kṛ и т.п.) включены — против «только на согласную».
HK-38	AGREE	урок XLV (L6909-6927)	«Встречается только P.»; примеры — dā, dhā, sthā, pā (корни на ā) и bhū.
HK-39	SILENT	—	Прекатив Ā. полно описан (L6845 слл.) без утверждения о редкости; искал «precativ/прекатив», «редк».
HK-40	SILENT	—	О позициях префиксов при двух приставках ничего; искал «приставк», «порядок».
HK-41	SILENT	—	Статистики долей групп префиксальных глаголов нет; искал «приставк», проценты/доли.
HK-42	SILENT	—	a-privativum лишь как тип tatpuruṣa (L4677), статистики о доле и абстрактности нет; искал «отрицательн», «privativ».
HK-43	SILENT	—	Алфавитно-фонетического раздела в этой версии нет; искал «varga», «ряд/гортанн».
HK-44	SILENT	—	Описания произношения придыхательных нет; искал «придыхан», «произнош».
HK-45	AGREE	урок I (L145)	«Конечные s и r... всегда превращаются в висаргу, : = ḥ» в конце предложения и перед k/kh/p/ph, шипящими; о том, что из r реже, молчит.
HK-46	SILENT	—	Связи «висарга обычно в N.sg. м.р.» нет; искал «висарг», «N. sg».
HK-47	SILENT	—	Внешнего правила m → анусвара в этой версии нет (правило дано лишь для конечного n, L830); искал «анусвар», «Конечный m».
HK-48	SILENT	—	Объяснительного утверждения об Acc.sg. как месте анусвары нет; искал «анусвар», «Acc».
HK-49	SILENT	—	Анунасика упомянута лишь в сандхи n+l (L828), определения «назализованный долгий гласный» нет; искал «анунасик», «назализ».
HK-50	SILENT	—	Фонологического тезиса о смыслоразличительной долготе нет; искал «долг», «кратк» (только морфонология).
HK-51	SILENT	—	Статуса e/o (долгие, из дифтонгов) нет; гуна/вриддхи-таблица (у. II L255) лишь соотносит e/o с ai/au; искал «двугласн», «дифтонг».
HK-52	SILENT	—	Частотных утверждений о позиции ṛ нет; искал «ṛ», «чаще».
HK-53	SILENT	—	Правила значений su- нет; supuruṣaḥ «хороший человек» — лишь пример karmadhāraya (L4679); искал «su», «хорош».
HK-54	SILENT	—	Правил слитного/раздельного написания нет; искал «слитно», «пишут».
HK-55	SILENT	—	Обобщения о регрессивной ассимиляции нет — правила даны поштучно (у. V-VII); искал «ассимил», «регрессив».
HK-56	AGREE	урок VII (L942-944)	«перед начальным c и ch превращается в c, перед j и jh в j, перед ṭ и ṭh в ṭ... перед l в l».
HK-57	AGREE	урок VII (L948)	«Перед носовыми t обычно превращается в n»; допускает и вариант d.
HK-58	AGREE	урок VII (L946)	«Перед начальным ś t превращается в c, а ś обычно в ch».
HK-59	AGREE	урок I (L145)	«Конечные s и r слов, стоящих в конце предложений, всегда превращаются в висаргу».
HK-60	AGREE	урок V (L675-685)	«перед c и ch в ś... перед ṭ и ṭh в ṣ... перед t и th в s»; перед k/kh/p/ph и шипящими — висарга (у. I L145).
HK-61	AGREE	урок IV (L576)	«перед r же она исчезает, а краткий предыдущий гласный удлинняется» — punā rāmaḥ, agnī rocate.
HK-62	AGREE	урок II (L313)	«a или ā + a или ā = ā»; «Из i или ī + i или ī получается ī», u/ū+u/ū→ū (у. VIII L1046-1052).
HK-63	AGREE	урок II (L313-323)	«a или ā + i или ī = e», «+ u или ū = o», «+ ṛ = ar», «+ e или ai = ai», «+ o или au = au».
HK-64	AGREE	урок VIII (L1048-1058)	«i и ī превращаются в y», «u и ū превращаются в v», «ṛ превращается в r» перед неоднородными гласными.
HK-65	SILENT	—	Правил внешнего сандхи конечного -m нет; искал «анусвар», «конечный m» — только конечный n (ур. VI,3) и внутренние случаи (буд. время).
HK-66	AGREE	урок I (L116)	«десять времен и наклонений… три числа… для трех лиц» + parasmaipada/ātmanepada с особыми личными окончаниями — все категории названы.
HK-67	AGREE	урок VIII (L1042)	«очень многие глаголы спрягаются только в Ātm.»; в словниках глаголы помечены P./Ā./U. — три группы налицо.
HK-68	AGREE	урок X (L1301)	«образуется при помощи суффикса ya» + окончания Ātm. — пассив подан как производная от корня система форм.
HK-69	SILENT	—	Акцентологии в курсе нет вовсе; искал «ударени», «акцент» — ноль правил об ударении.
HK-70	SILENT	—	Такого правила нет; о местоимениях лишь XIX,6 (энклитики, pl. вместо sg.); искал «местоимен», «личные окончания».
HK-71	AGREE	урок I (L131)	«в первом лице ед., дв. и мн ч. ind. заменяется ā» (vadāmi, vadāvaḥ, vadāmaḥ); термина «сильная форма» нет.
HK-72	SILENT	—	Об употреблении дв. числа для парных предметов не говорит; искал «парн», «двойственное число» (лишь pitar du. родители в словнике).
HK-73	AGREE	урок III (L432)	Полный инвентарь 8 падежей: «Instrumentalis… Ablativus… Locativus» (III,3) + Nom./Acc. (II,5), V. в парадигмах; число «восемь» не названо.
HK-74	AGREE	урок XX (L2583)	«основы которых оканчиваются на согласный» единым классом против гласных основ (ур. II–XIX vs XX–XXV); деление проведено структурно, без общей формулы.
HK-75	AGREE	урок II (L277)	«Мужской и средний род на a» (deva/phala); «Точно также phalena, phalāya» (III,2) — вне N.V.Acc. формы m и n совпадают.
HK-76	AGREE	урок III (L423)	В парадигмах всюду совмещены N.V. pl. («devāḥ», II) и D.Abl. pl. («devebhyaḥ (s)») — тождество показано систематически.
HK-77	AGREE	урок IV (L570)	«aḥ, восходящий к as, превращается в o» (перед звонкими и кратким a); «перед всеми гласными, за исключением краткого a… в a»; «āḥ… в ā».
HK-78	AGREE	урок IX (L1175)	Парадигма jāyā: «jāyā-y-ai, jāyā-y-ās, jāyā-y-ām; jāyā-n-ām» — -y- в sg. (и G.du. jāya-y-oḥ), -n- в G.pl.
HK-79	AGREE	урок IV (L534)	Окончания выделены во всех парадигмах: «agni-bhyaḥ, agny-oḥ, agnī-n-ām, agni-ṣu», du. -bhyām; как «универсальные» не сформулированы, но едины всюду.
HK-80	AGREE	урок II (L325)	«превращается в ṣ, если предшествует… иной гласный чем a или ā» (deveṣu, dhanuṣā); после k, r, l — ур. XXI,3 (vākṣu, gīrṣu).
HK-81	AGREE	урок IV (L566)	«склоняются одинаково с существительными» (прилаг. на i); то же для a- (IX,2) и u-основ (V,2) — формального различия не проводится.
HK-82	AGREE	урок XI (L1417)	«Перед глаголом появляется приращение a» (ajaya-, akṣipa-); об ударении на аугменте молчит.
HK-83	AGREE	урок XI (L1423)	«приращение вставляется между нею и глаголом» (о приставке; upa+nī → impf. upānaya).
HK-84	AGREE	урок XVII (L2207)	Парадигма Ā.: labh-ey-āthām, labh-ey-ātām, «labh-e-ran»; P. 3 pl. — «вместо окончания an появляется uḥ (r)» (XVI,1).
HK-85	AGREE	урок XXVI (L3435)	«lakṣmī… образует N. V. lakṣmīḥ»; tantrī в курсе не упомянута — подтверждена половина инвентаря.
HK-86	SILENT	—	Правила образования ж.р. на -ī от имён на -a нет (putrī, nārī, devī лишь в словниках); искал «женский род», «образует ж. р.».
HK-87	SILENT	—	Об изменении -aka → -ikā ничего; искал «ikā», «aka» — только лексика (makṣikā).
HK-88	AGREE	урок II (L257)	Таблица подъёма: «Низшая ступень: — i u ṛ ḷ; guṇa: a e o ar al» — для a низшей ступени нет, слабая=guṇa; в терминах корней не сформулировано.
HK-89	SILENT	—	Даёт i/u-основы всех трёх родов (agni, vāri, mati; bhānu, madhu, dhenu) без замечаний о преобладании; искал «преоблада», «большинств».
HK-90	AGREE	урок XII (L1528)	Парадигмы mati и dhenu (и agni/bhānu, IV–V) строго параллельны: «matay-e / dhenav-e», mate-ḥ/dheno-ḥ, matīnām/dhenūnām — тождество окончаний показано.
HK-91	AGREE	урок XVII (L2228)	О корневых основах м./ж.р. на ā, ī, ū: «принимают те же окончания, что и nau» — склоняются одинаково (различия лишь в трактовке гласного).
HK-92	AGREE	урок I (L129)	«Корни по этому делятся на десять классов»; двучастность проведена: I,IV,VI,X с темат. a (XVI,1) vs II,III,V,VII–IX (XXXV); терминов темат./атемат. нет.
HK-93	AGREE	урок II (L273)	«краткие гласные i, u, ṛ или ḷ… заменяют их соответственным guṇa» (cit→cet, budh→bodh, vṛṣ→varṣ, kḷp→kalp) — для I кл.
HK-94	AGREE	урок III (L415)	«вставляют a, но их гласные не заменяются соответственным guṇa» (kṣipa-, tuda-) — слабый корень + a; об ударении молчит.
HK-95	AGREE	урок VI (L789)	«Корни IV кл. на iv удлиняют гласный» (div→dīvya); удлиняющие a даны списком: «kram, tam, dam, mad, śam, śram, bhram» (bhram и bhramyati).
HK-96	AGREE	урок VII (L924)	«Корни X кл. перед личными окончаниями… вставляют aya» (pīḍ→pīḍaya); об ударении -áya молчит.
HK-97	AGREE	урок XXXV (L4885)	Названы ровно эти шесть: «II, III, V, VII, VIII, IX классов имеет сильную и слабую формы»; термина «второе спряжение» нет.
HK-98	AGREE	урок XXXV (L4885)	«имеет сильную и слабую формы» с распределением по лицам; в сильных — guṇa: «способные к подъему гласные… изменяются в guṇa» (XXXVII, II кл.).
HK-99	SILENT	—	Распределение ударения по сильным/слабым формам не обсуждается — акцентологии нет; искал «ударени», «акцент».
HK-100	SILENT	—	О (не)продуктивности II класса ничего; искал «непродуктив», разделы II кл. (ур. XXXVII–XL) — только формы.
HK-101	AGREE	урок XXXV (L4901)	«V класс: признак настоящего времени, сильн. no, слаб. nu» (sunoti/sunu); об «ослабленном корне» отдельно не говорит (но śru→śṛ, L5011).
HK-102	AGREE	урок XLII (L6183)	«Глаголы VII. кл. перед конечными согласными… вставляют na, в слабых n» — инфикс перед конечной согласной; все примеры — консонантные корни.
HK-103	AGREE	урок XXXV (L4895)	«вместо ante, anta, antām употребляются ate, ata, atām» — окончания 3 pl. Ā. без носового.
HK-104	DISAGREE	урок XXXV (L4897)	«оканчивается на dhi, после гласных его заменяет hi или оно отпадает»: отпадение лишь после гласных (V: sunu), у VII всегда -dhi (yuṅgdhi, runddhi, XLII).
HK-105	AGREE	урок XXXVII (L5303)	«Корни на ā, исключительно Parasmaipada: yā» — ā по всей парадигме (yānti, yāhi, yāyāt); в 3 pl. impf. вариант «ayān или ayuḥ»; vā не разобран.
HK-106	AGREE	урок XXXIX (L5731)	В парадигме han даны именно «ghnanti», «aghnan», «ghnantu» — утрата a и h→gh в 3 pl.
HK-107	AGREE	урок XXXVI (L5097)	«в сильных формах образуется karo, в слабых kuru, а перед m, y и v — kur».
HK-108	AGREE	урок XLIV (L6759)	«Допускающие подъем корневые гласные изменяются в guṇa» (ji→jeṣyati, nī→neṣyati, śru→śroṣyati, bhid→bhetsyati).
HK-109	AGREE	урок XLIV (L6761)	«конечные d и dh превращает в t… конечный s — в t»; пример «vas, vatsyati»; об ударении -syá молчит.
HK-110	AGREE	урок XLIV (L6737)	«те же изменения, как и перед суфф. tum» (jetā, stotā, bhavitā, taritā); i — «у тех же глаголов», что в infin. и опис. будущем (L6763).
HK-111	AGREE	урок XV (L2003)	«Nomina actoris на -tṛ образуют ж. р. на -trī» (склонение как nadī) — -ī к слабой ступени.
HK-112	AGREE	урок XVI (L2087)	Имена родства «обращают свое ṛ… в guṇa вместо vṛddhi» в N.V.du.pl. и Acc.sg.,du.; у kartṛ — vṛddhi: kartāram, kartārau (XV,2).
HK-113	AGREE	урок XLIV (L6735)	N. nominis actoris на tṛ + praes. as в 1/2 л.; «в третьем лице глагольная форма опускается»; у Бюлера N. sg./du./pl., не только sg.
HK-114	AGREE	урок XLI (L6003)	Удвоение: наст. III кл. (XLI,1), перфект (XLIII,1), аорист III — «imperf. с удвоением» (XLV), дезидератив и интенсив — «путем удвоения» (XLVIII).
HK-115	AGREE	урок XLI (L6007)	«вместо гортанных являются соответственные небные», «вместо k и kh — c, вм. g и gh — j»; h→j в примерах (hu→juhoti, hā→jahāti, han→jaghāna).
HK-116	AGREE	урок XLIII (L6727)	«Перфект в классическом санскрите имеет то же значение, как и imperf. и только реже употребляется».
HK-117	AGREE	урок XLIII (L6397)	«Краткий внутренний a… в 3 л. sing. par. удлинняется всегда» (papāca); конечные гласные «всегда изменяются в vṛddhi» (nināya).
HK-118	AGREE	урок XLIII (L6633)	Корни на ā «в 1 л. и 3 л. sing. Par. оканчиваются на au и теряют гласный перед вокальными» (dadhau; dadhiva, dadhuḥ).
HK-119	AGREE	урок XLIII (L6579)	«опускают слог удвоения в слабых формах» и «вместо гласного a имеют e»: pac → слабая форма pec — то же правило; пример pec (pet у Бюлера нет).
HK-120	AGREE	урок XLIII (L6673)	Опис. перфект обязателен для корней с ī, ū (и дифтонгами), «всех корней X кл, всех каузативов»; vid — факультативно; ās не назван (есть cakās).
HK-121	AGREE	урок XLIII (L6677)	«присоединяется суффикс ām», далее «в Par. āsa, cakāra или babhūva, в Ātm. cakre»; частотность bhū не оговаривается.
HK-122	AGREE	урок XIX (L2509)	«Формы mā, me, nau, naḥ; tvā, te, vām, vaḥ суть энклитики» (безударны); краткие формы даны именно в A.D.G. парадигм (XVIII,6; XIX,1).
HK-123	AGREE	урок XXX (L4245)	Деление по i есть: список корней без i — «Техническим обозначением им служит aniṭ»; факультативное i описано (XXX,4); терминов seṭ/veṭ нет.
HK-124	AGREE	урок XXX (L4123)	«образуется посредством суффикса tum», подъёмные гласные — в guṇa (jetum, śrotum); «pā, pātum; dā, dātum» (ā остаётся); с i — bhavitum.
HK-125	AGREE	урок XXIX (L4011)	Корни с приставками образуют abs. посредством ya, а «если корень оканчивается на краткий гласный, посредством tya» (vijitya, adhītya).
HK-126	AGREE	урок XXVIII (L3769)	«Конечные c и j превращаются в k» (ukta, yukta, tyakta); p+t без изменения (kṣipta, upta); k+t→kt (śak — XXX,2). Подано перечнями, суть совпадает.
HK-127	DISAGREE	урок XXVIII (L3797)	dh+t→ddh («vṛddha, baddha») и bh+t→bdh («labdha») совпадают, но общее правило Бюлера: «Конечный h сливается с t в ḍh» (gūḍha, līḍha, ūḍha); dagdha/dugdha — «неправильны».
HK-128	AGREE	урок XIX (L2450)	«Местоимение третьего лица tad он, она, оно; тот, та, то» — при самостоятельном употреблении личное 3 л.
HK-129	AGREE	урок X (L1301)	«суффикса ya, присоединяющегося непосредственно к глагольному корню» + правила ослабления корня (X,2–5: ṛ→ri, va→u и др.); об ударении -yá молчит.
HK-130	AGREE	урок X (L1307)	«i и u удлиняются», «ṛ обращается в ri»; конечный гласный →ī у dā, dhā, sthā и др.; «śī лежать образует śayyate», hve→hū (hūyate).
HK-131	AGREE	урок X (L1325)	«khan, jan, tan… образуют khanyate или khāyate, janyate или jāyate и т. д.» — две основы пассива у корней на -an.
HK-132	AGREE	урок X (L1327)	«безличная --- как при переходных, так и при непереходных» — для непереходных названа лишь безличная (=3 л. sg.) конструкция.
HK-133	AGREE	урок XXVII (L3591)	«причастие страдательного залога образуется посредством māna» — к основе наст. вр. (kriyamāṇa, mriyamāṇa).
HK-134	AGREE	урок XXVII (L3566)	«в Acc.I.sg., Acc.G.L.du. и Acc.pl… формами, образованными от основы enad» — тот же инвентарь форм.
HK-135	SILENT	—	Искал «saṃprasāraṇa», «чередование», «полугласный/сонант»: общего правила нет, лишь частные случаи (vac→ucyate в пассиве).
HK-136	AGREE	урок XXVIII (L3797)	«Конечные dh и bh превращаются в d и b, а следующий за ними t - в dh» (vṛddha, labdha); также h+t→ḍh (L3805).
HK-137	AGREE	урок XXVIII (L3841)	«Конечный m большей частью превращается в n… удлиняется предшествующий гласный» (krānta, dānta); искл. gata, nata.
HK-138	SILENT	—	Правило об активном значении -ta/-na от непереходных не сформулировано (искал «непереходн», «активн»; уроки XXVII-XXVIII прочитаны).
HK-139	AGREE	урок XIX (L2475)	«Так же как tad склоняются… yad который: yaḥ, yā, yat» — без чередования согласных (в отличие от saḥ/sā).
HK-140	SILENT	—	Искал «madīya/tvadīya/asmadīya», «притяжательн»: притяжательные местоимения на -īya не даны.
HK-141	AGREE	урок XXVIII (L3913)	«присоединения суффикса vat… к part. perf. pass.» (kṛtavat); имена на vas от слабой основы перфекта — урок XXV L3275 (jagmivas/jagmuṣ).
HK-142	AGREE	урок XXIII (L3064)	«nayanti, сильн. ф. nayant, слаб. ф. nayat» — правило через 3 л. pl.; экстенсионально то же (тем. основа+nt, атем. слабая+ant).
HK-143	AGREE	урок XXXV (L5013)	«классов II, III, V, VII, VIII, IX… при помощи суф. āna» (основа как перед 3 pl. Ātm., т.е. слабая: sunvāna); māna для I/IV/VI/X — L3591.
HK-144	AGREE	урок XIX (L2452)	Парадигма tad: «tasmai, tasmāt, tasmin; tasyai, tasyām; te; teṣām» — весь инвентарь местоименных окончаний налицо.
HK-145	AGREE	урок XIX (L2477)	«Так же как tad склоняются» anya, itara, katara, katama…; «sarva, viśva… склоняются как tad» кроме N.V.Acc.sg.n на -m.
HK-146	AGREE	урок XI (L1458)	«Конечные n̄, ṇ и n, если им предшествует краткий гласный, перед начальными гласными… удваиваются»; у Бюлера — как обязательное.
HK-147	AGREE	урок XX (L2585)	«В исходе санскритских слов могут стоять только… k, n̄, ṭ, ṇ, t, n, p, m»; t/d/dh→t, bh→p в N.sg и L.pl (L2595).
HK-148	AGREE	урок VII (L934)	t «превращается в d перед начальными гласными и звонкими»; k, ṭ, p перед звонкими → g, ḍ, b (урок XXIV L3175).
HK-149	AGREE	урок XX (L2583)	«принимают те же окончания, что и nau»; особые формы лишь в N.V.Acc. ср. р. (ī/ni, L2587).
HK-150	AGREE	урок XX (L2593)	«Имена, оканчивающиеся на суфф vas, ac и некоторые на an имеют три формы» — тот же инвентарь трёхступенчатых основ.
HK-151	AGREE	урок XXIV (L3135)	«Имена на man и van сохраняют a, если этим суффиксам предшествует согласный» (ātmanā, ātmanaḥ).
HK-152	AGREE	урок XXV (L3305)	«śvan собака: śvān, śvan (śva), śun. yuvan молодой: yuvān, yuvan (yuva), yūn» — слабые основы śun-, yūn-.
HK-153	AGREE	урок XXIII (L3047)	«Имена муж. р. на at в сильных пад. имеют ant»; mat/vat — так же (урок XXIV L3114, śrīmant/śrīmat).
HK-154	AGREE	урок XXIII (L3070)	«mahat… в сильных пад. имеет основу mahānt, N.sg. m. mahān».
HK-155	AGREE	урок XXII (L2891)	Имена на in, min, vin «отбрасывают его [n] перед окончаниями начинающимися с согласного» (dhaniṣu; перед гласными -in-: dhaninā).
HK-156	AGREE	урок XXIII (L3026)	«в сильных падежах они имеют yāṃs… В слабых падежах yas… V.sg. имеет yan» (śreyān/śreyasaḥ, V. śreyan).
HK-157	AGREE	урок XXXII (L4579)	«Все прилагательные могут образовывать сравнительную степень» — у Бюлера даже сильнее квантор («все», не «большинство»).
HK-158	AGREE	урок XXXII (L4579)	«сравнительную степень посредством tara, f. tarā» (priya, priyatara).
HK-159	AGREE	урок XXXII (L4585)	«Реже сравнительная степень образуется посредством суфф. īyas… Гласные корней изменяются в guṇa» (kṣepīyas).
HK-160	AGREE	урок XXXII (L4609)	«Сравнительная степень сочетается с Abl.»
HK-161	AGREE	урок XXXII (L4609)	«превосходная степень --- с Gen. или Loc.»
HK-162	AGREE	урок XXXII (L4587)	kanīyas, śreyas, jyāyas даны как «неправильные образования» к другим основам: «praśasya… śreyas, śreṣṭha или jyāyas» — своей полож. степени нет.
HK-163	AGREE	урок XIX (L2497)	«adhara… apara… uttara… para… pūrva… склоняются как sarva»; но в Abl.L.sg. и N.pl. возможно и именное склонение (deva).
HK-164	AGREE	урок XXI (L2743)	«Почти все имена на ṣ и ś и большинство имен на h… имеют ṭ, а перед… bh --- ḍ»; из j — mṛj, rāj, yaj, sṛj (ch не упомянут).
HK-165	AGREE	урок XXI (L2715)	«производные от dṛś, diś, spṛś… имеют k, а перед окончаниями начинающимися с bh --- g» (digbhyām, dikṣu).
HK-166	AGREE	урок XX (L2597)	«t, d, dh обращаются в d, а bh в b перед окончаниями, начинающимися с bh» — утрата придыхания (с переносом: bhutsu, L2631).
HK-167	AGREE	урок XXII (L2942)	«Имена муж. и женск. р. на as в N. sg. имеют āḥ… N. sumanāḥ».
HK-168	AGREE	урок XXII (L2865)	Парадигма vār: «vārā, vārbhyām, vārṣu» — корень неизменен; удлинение только у ir/ur; dvār — лишь в словарях уроков.
HK-169	AGREE	урок XXII (L2863)	«Имена на ir и ur удлиняют гласный в N. V. sg. и перед окончаниями… с согласного» (gīrbhiḥ, gīrṣu).
HK-170	SILENT	—	Обобщения «обычно второй член композита» нет; примеры kāṣṭhadah, kāmaduh, mitradruh даны без него (урок XXI прочитан; искал lih/duh/dah).
HK-171	SILENT	—	Искал «параллельн», уроки XX-XXII о корневых основах: тезиса о параллельных основах на гласную и продуктивности типа -a нет.
HK-172	AGREE	урок XXV (L3357)	«Женский род слов на an, vas и ac образуется посредством ī»; так же at (L3072), mat/vat (L3133), in (L2910), yas (L3045); одноформенные (sumanas) — без ī.
HK-173	AGREE	урок XXV (L3357)	«ī, который присоединяется к кратчайшей форме основы, напр. rājan, rājñī» (śunī, viduṣī).
HK-174	DISAGREE	урок XXIII (L3066)	I/IV/X всегда с n, но атематические (редуплиц. и пр.) без n: «adat (едящий), adatī» — против «всех атематических» (kurvantī).
HK-175	AGREE	урок XXIII (L3068)	VI класс факультативно: «kirat, kiratī или kirantī»; ж. р. = форме N.V.Acc.du.n (L3072).
HK-176	AGREE	урок XX (L2583)	Муж. и жен. р. на согласный «принимают те же окончания, что и nau»; одноформенные основы (тип suhṛd) меняются лишь по сандхи (L2589).
HK-177	AGREE	урок XXXI (L4441)	«viṅśa, viṅśatitama; triṅśa, trṅśattama… ṣaṣṭitama, saptatitama и т. д.» — порядковые десятков на -tama.
HK-178	DISAGREE	урок XXXI (L4393)	dvādaśan, trayodaśan подтверждают dvā/trayas, но «18 aṣṭadaśan» и «82 dvāśīti» — против aṣṭā- перед 10 и dvi- перед 80.
HK-179	AGREE	урок XXXIV (L4767)	Тип «dīrghabāhuḥ = dīrghāu bāhū yasya saḥ» (оба члена в Nom. = кармадхарая-основа) и с косв. падежом (asipāṇiḥ); частотность не оценена.
HK-180	AGREE	урок XXXIV (L4777)	«сущест. женского рода на ā обыкновенно изменяются в a» (rūpavadbhāryaḥ); прибавление -a- к согласным основам не сформулировано (ka к ī/ū/ṛ).
HK-181	SILENT	—	Искал «эпич», «двучлен/трёхчлен»: стиль эпоса и типичная длина сложных слов не обсуждаются.
HK-182	AGREE	урок XXXIII (L4661)	Дв. ч. из двух слов (rāmakṛṣṇau); «composita второго рода стоят в форме neutr. sing., напр. … pāṇipādam» (samāhāra).
HK-183	SILENT	—	Правила порядка членов (гласная основа/меньше слогов — вперёд) нет; искал «слогов», раздел Composita (уроки XXXIII-XXXIV) прочитан.
HK-184	SILENT	—	Курс без акцентологии; искал «ударени» (только об энклитиках) — правил ударения композитов нет.
HK-185	AGREE	урок XXXIV (L4757)	«В конце всех tatpuruṣa rājan изменяется в rāja; sakhi в sakha; pathin в patha»; искл. после su/kiṃ/a.
HK-186	SILENT	—	Правила «корень на -i/-u/-ar присоединяет t» (-jit, -kṛt) нет; искал jit/kṛt, разделы о composita прочитаны.
HK-187	AGREE	урок XXXIII (L4657)	«принимают ту форму, которую они имеют перед падежными окончаниями… с согласного» → rāja-, dhani- (носовой утрачен).
HK-188	AGREE	урок XXXIII (L4657)	То же общее правило даёт среднюю/слабую форму первого члена (pitṛ-, prāg-, -ad); -ar/-añc/-ant отдельно не выделены.
HK-189	AGREE	урок XXXIII (L4667)	«неправильны: … mātāpitarau, pitāputrau» — первый член в форме N.sg.; дано списком, без общего правила о -tar.
HK-190	SILENT	—	Об abs. лишь как переводить (L4033); правила о совпадении/несовпадении подлежащих нет; искал «самостоятельн», «absolutus», «sati».
HK-191	SILENT	—	Loc. abs. встречается только как пометы в упражнениях (L6903, L7127); правило эквивалентности придаточному времени не изложено.
HK-192	SILENT	—	Gen. abs. и уступительное значение с api не трактуются; искал «Gen. abs», «absolutus», «самостоятельн», «api».
HK-193	AGREE	урок XVIII (L2300)	«посредством суффикса paya или aya и спрягается точно так как глаголы Х кл.»; средние i/u/ṛ «повышаются в guṇa» (L2312); также paya у корней на ā.
HK-194	AGREE	урок XVIII (L2308)	«краткое a то оно удлиняется (vṛddhi), напр. pat, pātayati»; конечные i/u/ṛ → vṛddhi (nāyayati, L2318); искл. gam, jan, tvar.
HK-195	AGREE	урок XVIII (L2308)	«Исключение составляют корни на am затем jan, tvar»: gam, gamayati; jan, janayati; в сноске kam, cam, niśam удлиняют a.
HK-196	AGREE	урок XVIII (L2302)	«paya присоединяется к большинству корней на ā и двугласные e, ai, au»: dāpayati; конечные двугласные всегда → ā.
HK-197	AGREE	урок XXVIII (L3871)	Соед. i — «ко всем глаголам X класса и каузативам, трактуемым как в praes. pass.» (aya отпадает, L2322): mārayati, mārita.
HK-198	AGREE	урок XVIII (L2326)	«Каузативы непереходных глаголов становятся переходными» — каузируемое становится прямым объектом; падеж прямо не назван.
HK-199	AGREE	урок XVIII (L2326)	«иногда сочетаются с двойными Acc., или с Асc. и Instr.» — Instr. каузируемого лишь один из двух вариантов (наряду с двойным Acc.).
HK-200	AGREE	урок XLVIII (L7371)	«Отыменные глаголы образуются посредством ya, aya, āpaya»; ya — первый из способов; изменения конечных гласных видны лишь в примерах (kalahāyate).
HK-201	AGREE	урок XLVIII (L7373)	Правило явно не сформулировано; примеры обоих залогов тематические: «tapasyati», «kalahāyate», «muṇḍayati».
HK-202	AGREE	урок XLVIII (L7205)	«путем удвоения корня и присоединения суффикса sa [ṣa]»; с соед. i — -iṣa (bubodhiṣati); об ударении молчит.
HK-203	AGREE	урок XLVIII (L7207)	«корневые a, ṛ и ṝ замещаются посредством i»; при u/ū в корне — u: bubhūṣati, śuśrūṣate.
HK-204	AGREE	урок XLVIII (L7279)	В перечне неправильных: «āp, īpsa», «dā (de и do), ditsa», «dhā и dhe, dhitsa» — без удвоения; у Бюлера dhitsa с кратким i.
HK-205	AGREE	урок XLVIII (L7327)	Правило не сформулировано («правила… даны в примерах»); примеры дают тяжёлое удвоение: «dādāti», «bobhoti», «bebhetti».
HK-206	AGREE	урок XLVIII (L7325)	«Второй (исключительно Ā.) спрягается как Ā. IV класса»; атематический первый интенсив у него «исключительно P.», о редкости его форм молчит.
HK-207	AGREE	урок XLV (L7007)	«употребляются в качестве редких форм прошедшего времени»; о разговорной речи и драме молчит.
HK-208	AGREE	урок XLV (L7007)	«лишаются приращения и заменяют imperativ» (mā dāḥ); позиция аугмента после приставки — «вставляется между нею и глаголом» (урок XI, L1423; ср. adhyaiṣṭa L7083).
HK-209	AGREE	урок XLV (L6929)	«имеет P. и Ā.»; парадигма asicam, asicāva — тематическая (тип impf. VI кл.); в печати «как impf. VII кл.» — видимо, опечатка перевода.
HK-210	AGREE	урок XLV (L6953)	Слабая основа: «гунированные гласные заменяются первоначальным гласным»; удвоение ī/i: abībhidat; но тяжёлые основы — по перфекту с a (ararakṣat, L6949).
HK-211	DISAGREE	урок XLV (L6979)	У Бюлера ā→a: «jñāpayati, ajijñapat», «dāpayati, adīdapat» («внутренний ā очень часто заменяется посредством a»); i лишь в неправильном atiṣṭhipat (L7003).
HK-212	SILENT	—	Составные с a/an есть (apaṇḍitaḥ L4677, aputraḥ L4771); продуктивность префикса не обсуждается.
HK-213	AGREE	урок XXXIV (L4771)	«saputraḥ или sahaputraḥ = putreṇa sahitaḥ» — прилагательное из sa-+сущ. (bahuvrīhi); о редкости существительных с sa- молчит.
HK-214	AGREE	урок XLVI (L7081)	IV аорист «от тех глаголов, которые имеют окончание infin. без соединительного гласного»; V (-iṣ) — от корней с соед. i (L7107).
HK-215	SILENT	—	Редкими названы все аористы вообще (L7007); об особой редкости siṣ-/sa-форм молчит; искал «редк», разделы VI–VII аористов.
HK-216	AGREE	урок XLVI (L7033)	«в P., все допускающие vṛddhi гласные переходят во vṛddhi»; в Ā. guṇa только у конечных i/u — внутренние остаются слабыми (akṛṣi, alapsi).
HK-217	AGREE	урок XLIV (L6761)	«m и n в anusvāra; конечный s --- в t», «c, j, ś, ṣ, kṣ и h превращаются в k» (правило буд. вр.); на s-аорист распространено отсылкой (L7033).
HK-218	AGREE	урок XLVI (L7083)	P — корневой аорист: dā, adāt (L6923); Ā — по s-типу: «на место их гласного является i», «adiṣi, adithāḥ, adita».
HK-219	AGREE	урок XLVI (L7111)	«исключительно P., образуется от большинства корней на ā, e, ai и o» (+ yam, ram, nam); «большинства» — не «немногих», но сам класс корней мал.
HK-220	AGREE	урок XLVII (L7133)	«от корней на ś, ṣ и h, гласным которых являются i, u или ṛ»: adikṣat (слабая ступень + kṣa); корни на -j не названы.
HK-221	SILENT	—	dus- лишь словарно («दुस् indecl. дурной» L8333, durjana L8323); о наименованиях лиц/неодушевлённых ничего.
HK-222	SILENT	—	ku- не упоминается; пейоративный первый член у Бюлера — kiṃ «худой» (L4757); искал kutsita, kupuruṣa и др.
HK-223	AGREE	урок XLV (L7007)	«В соединении с частицей mā, они лишаются приращения и заменяют imperativ» (mā dāḥ); термина «инъюнктив» нет.
HK-224	AGREE	урок XLIV (L6847)	«всегда превращаются в e, напр. 3 л. sing. dā, deyāt» — закрытый список (dā, dhā, mā, sthā, pā, hā, dhe, gai, so, do); hve — huyāt.
HK-225	SILENT	—	Статистики префиксальных глаголов нет; искал «треть», «приставк», «префикс».
HK-226	SILENT	—	Долей полупрозрачных глаголов и тезиса об их переходности нет; искал «треть», «переходн».
HK-227	SILENT	—	Статистики неразложимых значений нет; искал «процент», «треть».
HK-228	SILENT	—	Инвентаря префиксов десубстантивных существительных нет; лишь atidevaḥ как составное с предлогом (L4677).
HK-229	SILENT	—	Существительные с prati- не обсуждаются; только avyayībhāva prativarṣam (L4779).
HK-230	AGREE	урок XXXIV (L4771)	«nirbalaḥ = nirgataṃ balaṃ yasya saḥ бессильный», unmukhaḥ — nis- = отсутствие; vi- и «особая продуктивность» не обсуждаются.
HK-231	SILENT	—	tatra/tadā/tathā даны лишь как словарные слова (L213–241); суффиксы -tra/-dā/-thā не описаны.
HK-232	SILENT	—	Об Acc. прилагательного в роли наречия ничего; искал «наречи», «как наречие».
HK-233	AGREE	урок XXXIV (L4779)	avyayībhāva «образуются преимущественно из предлогов и частиц и последующего имени»: prativarṣam = varṣaṃ prati (исход -am, вин. п.).
HK-234	DISAGREE	урок XXXIII (L4675)	Признаёт композиты со 2-м членом, «никогда или редко пояляющееся в виде самостоятельного слова» (prajāpālaḥ, gṛhasthaḥ) — против критерия самостоятельного употребления каждой основы.
HK-235	AGREE	урок XXXIII (L4657)	Конечные и начальные звуки основ «сочетаются по законам saṅdhi»; частные отступления — сноска L4665.
HK-236	DISAGREE	урок XXXIII (L4669)	У Бюлера tatpuruṣa — родовое понятие: включает karmadhāraya («в соотношении определения, наречия или приложения (karmadhāraya)») и dvigu — первый член бывает и прилагательным.
HK-237	AGREE	урок XXXIII (L4679)	«в соотношении определения, наречия или приложения (karmadhāraya)»: kṛṣṇāśvaḥ, snātānuliptaḥ, supuruṣaḥ.
HK-238	AGREE	урок XXXIII (L4679)	«dhanaśyāmaḥ = dhana iva śyāmaḥ черный как туча», puruṣavyāghraḥ (L4681) — приложение двух сущ. с элементом сравнения (iva).
HK-239	AGREE	урок XXXIII (L4683)	«первым членом которых является числительное количестьенное (dvigu)»: caturyugam, trilokī (орфография источника).
HK-240	AGREE	урок XXXIV (L4765)	«такие сложные имена прилагательные» (dīrghabāhuḥ = … yasya saḥ); согласование следует из статуса прилагательного; об ударении молчит.
HK-241	SILENT	—	Общего правила нет; лишь замена ж. р. первого члена мужским (L4775) и суфф. ka на исходе (L4777, sudatī).
HK-242	SILENT	—	Обобщения об именах/прозвищах нет (лишь примеры kṛṣṇanāmā L4767, vācaspatiḥ L4673); искал «имена», «прозвищ».
HK-243	AGREE	урок XXXIII (L4659)	«brāhmaṇaśca kṣatriyaśca vaiśyaśca = brāhmaṇakṣatriyavaiśyāḥ» — сущ., 2 и 3 основы; о прилагательных в dvandva молчит.
HK-244	SILENT	—	Дв. ч. — «два стоящие в ед. ч. слова», мн. ч. — «из нескольких слов» (L4661); двучленные со множественным значением прямо не оговорены.
HK-245	SILENT	—	Вложенное сложение не описано (встречается лишь в текстах упражнений, напр. L4751); искал «внутри», разделы Composita.
HK-246	SILENT	—	О заглавиях произведений ничего; искал «заглав», «назван».
HK-247	SILENT	—	Правила -ā→-a на исходе композита нет; лишь примеры типа gṛhasthaḥ (L4675); искал «в конце слож», «Composita».
HK-248	AGREE	урок XXXIII (L4663)	«к конечным словам на d, ṣ и h приставляется a, напр. chatropānaham» — в dvandva «второго рода» (samāhāra, ср. р. ед. ч.); палатальные не названы.
HK-249	SILENT	—	Укорочение долгих/дифтонгов в dvigu/dvandva не описано (ср. trilokī L4683); искал «кратк», «сокращ».
HK-250	AGREE	урок XXXIII (L4673)	«Иногда первый член удерживает падежное окончание»: vācaspatiḥ, ātmanotṛtīyaḥ; «иногда» мягче, чем «в исключительно редких случаях».
HK-251	AGREE	РУССКО-САНСКРИТСКИЙ ГЛОССАРИЙ (L11265)	Словарно: «ради -artham» (также в упражнениях «ради (artham)», L5853); грамматического правила о косвенных падежах -artha нет.
HK-252	AGREE	урок XXXIV (L4767)	«śivādayaḥ … боги, первым из которых является Шива» — полуслужебное -ādi в bahuvrīhi; prabhṛti, mātra, apekṣā не упоминаются.
HK-253	AGREE	урок XXXIII (L4681)	«Наоборот: puruṣavyāghraḥ = vyāghra iva puruṣaḥ» — обратный порядок членов в сравнительном karmadhāraya.
HK-254	AGREE	урок XXXI (L4357)	Правило не сформулировано, но формы его показывают: «11 ekādaśan», «21 ekaviṅśati», «2000 dvisahasra» — единицы впереди.
HK-255	AGREE	урок XXXIII (L4657)	«сочетаются по законам saṅdhi» — сказано о composita вообще; формы числительных (tryaśīti, ekonaviṅśati) ему следуют; отдельно для числительных не сформулировано.
HK-256	AGREE	урок XXXIII (L4679)	«supuruṣaḥ хороший человек» — прямо в списке karmadhāraya; об ударении на префиксе молчит; dus- не разобран.
HK-257	AGREE	урок XXXIV (L4771)	В bahuvrīhi: «aputraḥ», «saputraḥ или sahaputraḥ»; su- в правилах bahuvrīhi (sudat, sugandhi → gandhi, L4777); dus- не упомянут.
HK-258	SILENT	—	Частотность и посессивность прочих префиксальных прилагательных не обсуждаются (лишь nirbalaḥ, unmukhaḥ L4771).
HK-259	AGREE	урок XXXIV (L4771)	«первым членом которых является предлог или приставка» — сам относит их к bahuvrīhi (nirbalaḥ, unmukhaḥ, aputraḥ), в согласии с традицией.
