const	name	number	sutra	kind	n_members	members_slp1
SARVADI	sarvAdiH	1	1.1.27	basic	35	sarva|viSva|uBa|uBaya|qatara|qatama|anya|anyatara|itara|tvat|tva|nema|sama|sima|pUrva|para|avara|dakziRa|uttara|apara|aDara|sva|antara|tyad|tad|yad|etad|idam|adas|eka|dvi|yuzmad|asmad|Bavatu|kim
SVARADI	svarAdiH	2	1.1.37	akrti	160	svar|antar|prAtar|punar|sanutar|uccEs|nIcEs|SanEs|fDak|fte|yugapat|ArAt|antikAt|pfTak|hyas|Svas|divA|rAtrO|sAyam|ciram|manAk|Izat|SaSvat|jozam|tUzRIm|bahis|aDas|avas|samayA|nikazA|svayam|mfzA|naktam|naY|hetO|he|hE|idDA|adDA|sAmi|sanA|sanat|sanAt|upaDA|tiras|antarA|antodAttAH|antareRa|mak|jyok|yok|nak|kam|Sam|sanA|sahasA|SradDA|alam|svaDA|vazaw|vinA|nAnA|svasti|anyat|asti|upAMSu|kzamA|vihAyasA|dozA|mfzA|muDA|dizwyA|vfTA|miTyA|purA|miTo|miTas|prAyas|muhus|pravAhukam|pravAhikA|Aryahalam|aBIkzRam|sAyam|sAkam|sArDam|sArTam|satram|samam|namas|hiruk|aTa|am|Am|pratAm|pratAn|praSAn|taTAhi|mA|mAN|Sram|kAmam|prakAmam|BUyas|param|sAkzAt|sAci|sAvi|satyam|maMkzu|saMvat|avaSyam|sapadi|prAdus|Avis|aniSam|nityam|nityadA|sadA|ajasram|santatam|uzA|om|BUr|Buvar|Jawiti|tarasA|suzWu|ku|aYjasA|a|miTu|amiTu|viTak|BAjak|anvak|cirAya|ciram|cirarAtrAya|cirasya|cireRa|cirAt|astam|Anuzak|anuzak|anuzaw|amnas|amBas|amnar|amBar|sTAne|varam|duzWu|balAt|Su|arvAk|Sudi|vadi|ityAdi|nAnAYO
CADI	cAdiH	3	1.4.57	akrti	155	ca|vA|ha|aha|eva|evam|nUnam|SaSvat|yugapat|BUyas|sUpat|kUpat|kuvit|net|cet|caR|kaccit|yatra|tatra|naha|hanta|mAkim|mAkIm|mAkir|nakim|nakIm|nakir|AkIm|mANa|naY|tAvat|yAvat|tvA|tvE|dvE|nvE|rE|re|SrOzaw|vOzaw|svAhA|vazaw|svaDA|om|taTA|taTAhi|Kalu|kila|aTa|suzwu|sma|a|i|u|f|x|u|e|E|o|O|Adaha|uY|ukaY|velAyAm|mAtrAyAm|yaTA|yat|tat|kim|purA|vaDA|vaDvA|Dik|hAhA|hehE|hahe|pAw|pyAw|Aho|utAho|ho|aho|no|nO|aTo|nanu|manye|miTyA|asi|brUhi|tu|nu|iti|iva|vat|vAt|vana|bata|sam|vaSam|Sikam|dikam|sanukaM|CaMvaw|CaMbaw|SaNke|Sukam|Kam|sanAt|sanutar|nahikam|satyam|ftam|adDA|idDA|nocet|nacet|nahi|jAtu|kaTam|kutaH|kutra|ava|anu|hA|he|hE|Ahosvit|Sam|kam|Kam|dizwyA|paSu|naw|saha|Anuzaw|Anuzak|aNga|Paw|tAjak|BAjak|aye|are|vAw|cAwu|kum|Kum|Gum|am|Im|sIm|sim|si|vE
PRADI	prAdiH	4	1.4.58	basic	22	pra|parA|apa|sam|anu|ava|nis|nir|dus|dur|vi|AN|ni|aDi|api|ati|su|ud|aBi|prati|pari|upa
URYADI	UryAdiH	5	1.4.61	basic	39	UrI|urarI|tanTI|tAlI|AttAlI|vetAlI|DUlI|DUsa|SakalA|saMSakalA|DvaMsakalA|BraMsakalA|guluguDA|sajUs|Pala|PalI|viklI|AklI|AlozWI|kevAlI|kevAsI|sevAsI|paryAlI|SevAlI|varzAlI|atyUmaSA|maSmaSA|masmasA|masamasA|Ozaw|SrOzaw|vOzaw|vazaw|svAhA|svaDA|vanDA|prAdus|Srat|Avis
SAKSHATPRABHRTI	sAkzAtpraBftiH	6	1.4.74	akrti	27	sAkzAt|miTyA|cintA|BadrA|rocanA|AsTA|amA|SradDA|prAjaryA|prAjaruhA|bIjaryA|bIjaruhA|saMsaryA|arTe|lavaRam|uzRam|SItam|udakam|Ardram|agnO|vaSe|vihasane|prasahane|pratapane|prAdus|namas|Avis
TISHTHADGUPRABHRTI	tizWadgupraBftiH	7	2.1.17	basic	34	tizWadgu|vahadgu|AyatIgavam|Kaleyavam|Kalebusam|lUnayavam|lUyamAnayavam|pUtayavam|pUyamAnayavam|saMhftayavam|saMhriyamARAyavam|saMhftabusam|saMhriyamARAbusam|samaBUmi|samapadAti|suzamam|vizamam|duHzamam|niHzamam|aparasamam|AyatIsamam|prOQam|pApasamam|puRyasamam|prAhRam|praraTam|praBfgam|pradakziRam|aparadakziRam|saMprati|asaMprati|4|4|128]]
SHAUNDADI	SORqAdiH	8	2.1.40	basic	13	SORqa|DUrta|kitava|vyAqa|pravIRa|saMvIta|antar|aDi|pawu|paRqita|kuSala|capala|nipuRa
PATRESAMITADI	pAtresamitAdiH	9	2.1.48	akrti	33	pAtresamitAH|pAtrebahulAH|udumbaramaSakAH|udarakfmiH|kUpakacCapaH|avawakacCapaH|kUpamaRqUkaH|kumBamaRqUkaH|udapAnamaRqUkaH|nagarakAkaH|nagaravAyasaH|mAtarizuruzaH|piRqISUraH|pitariSUraH|geheSUraH|gehenardI|gehekzveqI|gehevijitI|gehevyAqaH|gehemehI|gehedAhI|gehedfptaH|geheDfzwaH|garBetfptaH|AKanikavakaH|gozWeSUraH|gozWevijitI|gozWekzveqI|gozWepawu|gozWepaRqitaH|gozWepragalBaH|karRewiriwirA|karRecuracurA
VYAGHRADI	vyAGrAdiH	10	2.1.56	akrti	20	vyAGra|siMha|fkza|fzaBa|candana|vfka|vfza|varAha|hastin|taru|kuYjara|ruru|pfzat|puRqarIka|palASa|kitava|muKapadmam|muKakamalam|karakisalayam|pArTivacandraH
SHRENYADI	SreRyAdiH	11	2.1.59	basic	25	SreRi|eka|pUga|mukunda|rASi|nicaya|vizaya|niDana|para|indra|deva|muRqaBUta|SravaRa|vadAnya|aDyApaka|aBirUpaka|brAhmaRa|kzatriya|viSizwa|pawu|paRqita|kuSala|capala|nipuRa|kfpaRa
KRTADI	kftAdiH	12	2.1.59	basic	22	kfta|mita|mata|BUta|ukta|yukta|samAjYAta|samAmnAta|samAKyAta|samBAvita|saMsevita|avaDArita|avakalpita|nirAkfta|upakfta|upAkfta|dfzwa|kalita|dalita|udAhfta|viSruta|udita
SHAKAPARTHIVADI	SAkapArTivAdiH	13	2.1.60	akrti	30	SAkapArTivaH|kutapasOSruta|ajAtOlvali|kftAkfta|BuktaviBukta|pItavipIta|gatapratyAgata|yAtAnuyAta|krayAkrayikA|puwApuwikA|PalAPalikA|mAnonmAnikA|SAkapArTivAdInAmupasaNKyAnam|SramaRAdiH|2.1.70|SramaRA|pravrajitA|kulawA|garBiRI|tApasI|dAsI|banDakI|aDyApaka|aBirUpaka|paRqita|pawu|mfdu|kuSala|capala|nipuRA
MAYURAVYAMSAKADI	mayUravyaMsakAdiH	15	2.1.72	akrti	83	mayUravyaMsaka|CAtravyaMsaka|kambojamuRqa|yavanamuRqa|hastagfhya|pAdegfhya|pAdagfhya|lANgUlegfhya|lANgUlagfhya|punardAya|ehIqam|ehiyavam|apehivARijA|prehivARijA|ehisvAgatA|apohisvAgatA|prehisvAgatA|ehidvitIyA|apehidvitIyA|prehidvitIyA|ehikawA|apohakawA|prohakawA|AharakawA|prohikardamA|prohakardamA|viDamacUqA|udDamacUqA|udDaracUqA|AharacelA|haravasana|AharavanitA|hatavinata|kfntavicakzaRA|udDarotsfjA|udDarAvasfjA|udDamaviDamA|utpacanipacA|utpatanipatA|uccAvacam|uccanIcam|acopacam|AparAcam|Kapracama|niScapracam|akiMcana|snAtvAkAlaka|pItvAsTiraka|BuktvAsuhita|prozyapApIyAn|utpatyapAkalA|nipatyarohiRI|nizaRRASyAmA|aprehipraGasA|prehipraGasA|ihapaYcamI|ihadvitIyA|jahijoqa|jahijoqam|jahistambaH|jjahistambama|aSnItapibatA|pacataBfjjatA|KAdatamodatA|KAdatavamatA|KAdatAcamatA|AharanivapA|AvapanizkirA|utpacacvipacA|BinDilavaRA|kfnDivicakzanA|pacalavaRA|pacaprakUwA|akutoBayaH|kAndiSIkaH|kAndoSIkaH|strAhopuruzikA|ahamahamikA|yadfcCA|ehireyAhirA|unmfjAvamfjA|dravyAntaram|avaSyakAryam
YAJAKADI	yAjakAdiH	16	2.2.9	basic	13	yAjaka|pUjaka|paricAraka|parivezaka|parizecaka|snAtaka|aDyApaka|utsAha|udvartaka|hotf|Batf|raTagaRaka|pattigaRaka
RAJADANTADI	rAjadantAdiH	17	2.2.31	basic	57	rAjadantaH|agrevaRam|liptavAsitam|nagnamuzitam|siktasaMmfzwam|mfzwaluYcitam|avaklinnapakvam|arpitoptam|uptagAQam|ulUKalamusalam|taRqulakiRvam|dfzadupalam|AraqvAyani|AragvAyanabanDakI|citraraTavAhlIkam|AvantyaSmakam|SUdrAryam|snAtakarAjAnO|vizvaksenArjunO|akziBruvam|dAragavam|SabdArTO|DarmArTO|kAmArTO|arTaSabdO|arTaDarmO|arTakAmO|vEkArimatam|gAjavAjam|gopAlaDAnapUlAsam|gopAlaDAnIpUlAsam|pUlAsakAraRqam|pUlAsakakuraRqam|sTUlAsama|sTUlapUlAsam|uSIrabIjam|jijYAsTi|siYjAsTam|siYjASvatTam|citrAsvAtI|citrasvAtI|BAryApatI|daMpatI|jaMpatI|jAyApatI|putrapatI|putrapaSU|keSaraSmaSrU|Sirobiju|SirobIjama|SirojAnu|sarpirmaDuna|maDusarpizI|AdyantO|antAdI|guRavfdDI|vfdDiguRO
AHITAGNYADI	AhitAgnyAdiH	18	2.2.37	akrti	13	AhitAgniH|jAtapUtraH|jAtadanta|jAtaSamaSru|tElapIta|GftapIta|dyapI|UQaBArya|gatArTa|gaqukaRWa|asyudyata|aramudyata|daRqapARi
KADARADI	kaqArAdiH	19	2.2.38	basic	19	kaqAra|guqula|KaYja|Koqa|kARa|kuRWa|Kalati|gOra|vfdDa|Bikzuka|piNgula|piNgala|taqa|tanu|Wa|baDira|maWara|kaYja|barbara
NAVADI	nAvAdiH	20	2.3.17	basic	16	nO|kAka|anna|Suka|SfgAla|nOkAkAnnaSukaSfgAlavarjezu|prakftyAdiH|2.3.18|prakfti|prAya|gotra|sama|vizama|dvidroRa|paYcaka|sAhasra
PRATYADI	pratyAdiH	22	2.3.43	basic	35	prati|pari|anu|apratyAdiBiriti vaktavyam|gavASvAdiH|2.4.11|gavASvam|gavAvikam|gavEqakam|ajAvikam|ajEqakam|kubjavAmanam|kubjakirAtam|putrapOtram|SvacaRqAlam|strIkumAram|dAsImARavakam|SAwIpawIram|SAwIpacCakam|SAwIpawwIkam|uzwraKaram|uzwraSaSam|mUtraSakft|mUtrapurIzam|yakfnmedaH|mAMsaSoRitam|darBaSaram|darBapUtIkam|arjunaSirIzam|arjunapuruzam|tfRopalam|tfRolapama|dAsIdAsam|kuwIkuwam|BAgavatIBAgavatam
DADHIPAYASYADI	daDipayasyAdiH	24	2.4.14	basic	19	daDipayasI|sarpirmaDunI|maDusapizI|brahmaprajApatI|SivavESravaRO|skandaviSAKO|parivrAjakakOSikO|pravargyopasadO|SuklakfzRO|iDmAbarhizI|dIkzAtapasI|SradDAtapasI|meDAtapasI|aDyayanatapasI|ulUKalamusale|AdyAvasAne|SradDAmeDe|fksAme|vANmanase
ARDHARCADI	arDarcAdiH	25	2.4.31	basic	241	arDarca|gomaya|kazAya|kArzApaRa|kutapa|kusapa|kuRapa|kapAwa|SaNKa|gUTa|yUTa|Dvaja|kabanDa|padma|gfha|saraka|kaMsa|divasa|yUza|anDakAra|daRqa|kamaRqalu|manqa|BUta|dvIpa|dyUta|cakra|Darma|karman|modaka|SatamAna|yAna|naKa|naKara|caraRa|pucCa|dAqima|hima|rajata|saktu|piDAna|sAra|pAtra|Gfta|sEnDava|OzaDa|AQaka|cazaka|droRa|KalIna|pAtrIva|zazwika|vArabARa|vAravAraRa|proTa|kapitTa|Suzka|SAla|SIla|Sukla|Sulka|SIDu|kavaca|reRu|fRa|kapawa|SIkara|musala|suvarRa|varRa|pUrva|camasa|kzIra|karza|AkASa|azwApada|maNgala|niDana|niryAsa|jfmBa|vftta|pusta|busta|kzveqita|SfNga|nigaqa|Kala|mUlaka|maDu|mUla|sTUla|SarAva|nAla|vapra|vimAna|muKa|pragrIva|SUla|vajra|kawaka|kaRwaka|karpawa|SiKara|kalka|valkala|nawamastaka|nAwamastaka|valaya|kusuma|tfRa|paNka|kuRqala|kirIwa|kumuda|arbuda|aNkuSa|timira|ASraya|BUzaRa|ikkasa|izvAsa|mukula|vasanta|tawAka|taqAga|piwaka|viwaNka|viqaNga|piRyAka|mAza|koSa|Palaka|dina|dEvata|pinAka|samara|sTARu|anIka|upavAsa|SAka|karpAsa|viSAla|cazAla|caKAla|KaRqa|dara|viwapa|raRa|bala|maka|mfRAla|hasta|Ardra|hala|sUtra|tARqava|gARqIva|maRqapa|pawaha|sODa|yoDa|pArSva|SarIra|Pala|Cala|pura|purA|rAzwra|ambara|bimba|kuwwima|maRqala|kukkuwa|kuqapa|kakuda|KaRqala|tomara|toraRa|maYcaka|puNKa|maDya|bAla|CAla|valmIka|varza|vastra|vasu|deha|udyAna|udyoga|sneha|stena|Kana|svara|saNgama|nizka|kzema|SUka|kzatrapavitra|yOvana|kalaha|mAlaka|pAlaka|mUzika|maRqala|valkala|kuja|kuYja|vihAra|lohita|vizARa|Bavana|araRya|pulina|dfQa|Asana|ErAvata|SUrpa|tIrTa|lomana|lomaSa|tamAla|loha|daRqaka|SapaTa|pratisara|dAru|Danus|mAna|varcaska|kUrca|taRqaka|maWa|sahasra|odana|pravAla|Sakawa|aparAhRa|nIqa|Sakala|taRqula
PAILADI	pElAdiH	26	2.4.59	akrti	22	pEla|SAlaNki|sAtyaki|sAtyakAmi|rAhavi|rAvaRi|OdaYco|Odavraji|OdameGi|Odavyajri|Odamajji|Odamfjji|dEvasTAni|pENgalOdAyani|rAhakzati|BOliNgi|Odanyi|OdgAhamAni|OjjihAni|OdaSudDi|tadrAjAccARaH|tadrAja
TAULVALYADI	tOlvalyAdiH	27	2.4.61	basic	36	tOlvali|DAraRi|pAraRi|rAvaRi|dElIpi|dEvati|vArkali|nEvati|nEvaki|dEvamitri|dEvamati|dEvayajYi|cAPawwaki|bElvaki|vEki|vENki|AnuhArati|AnurAhati|pOzkarasAdi|Anurohati|Anuti|prAdohani|nEmiSri|prAqAhati|bAnDaki|vESIti|AsinAsi|AMhisi|AsurI|nEmizi|AsibanDaki|pOzpi|kAreRupAli|vEkarRi|vEraki|vEhati
YASKADI	yaskAdiH	28	2.4.63	basic	39	yaska|lahya|duhya|ayasTURa|ayaHsTURa|tfRakar|sadAmatta|kambalahAra|bahiryoga|parRAQaka|karRAQaka|piRqIjaNGa|bakasakTa|vakasakTa|voSri|kudri|ajavasti|mitrayu|rakzomuKa|jaNGAraTa|utkAsa|kawukamaTaka|manTaka|puzkaraw|puzkarasad|vizapuwa|uparimeKala|krozwukamAna|krozwumAna|krozwupAda|krozwumAya|SIrzamAya|Karapa|padaka|varzuka|Balandana|Baqila|BaRqila|Baqita
GOPAVANADI	gopavanAdiH	29	2.4.67	basic	12	gOpavana|Seyu|Sipru|bindu|BAjana|aSvAvatAna|SyAmAka|SyonAka|SyAmaka|SyAparRa|1|104]])
TIKAKITAVADI	tikakitavAdiH	30	2.4.68	basic	11	tikakitavAH|vaNKaraBaRqIraTAH|upakalamakAH|paPakanarakAH|bakanaKagudapariRadDAH|ubjakakuBAH|laNkaSAntamuKAH|uttaraSalaNkawAH|kfzRAjinakfzRasundarAH|BrazwakakapizWalAH|agniveSadaSerukAH
UPAKADI	upakAdiH	31	2.4.69	basic	51	upakalamaka|BrAzwraka|kapizWala|kfzRAjina|kfzRasundara|cUqAraka|AqAraka|gaquka|udaNka|suDAyuka|avanDaka|piNgalaka|pizwaka|supizwa|supizWa|mayUrakarRa|KArIjaNGa|SalATala|pataYjala|padaYjala|kaWeraRi|kuzItaka|kASakftsna|kASakftsna|nidAGa|kalaSIkaRWa|dAmakaR|kfzRapiNgala|karRa|parRaka|jawiraka|baDiraka|jantuka|anuloma|anupada|pratiloma|apajagDa|pratA|anaBihita|kamaka|karAwaka|leKAmra|kamandaka|piYjalaka|karRaka|mayUrakarRa|nadAGa|kavantaka|kamantaka|kadAmata|dAmakaRWa
BHRSHADI	BfSAdiH	32	3.1.12	basic	25	BfSa|SIGra|capala|manda|paRqita|utsuka|sumanas|durmanas|aBimanas|unmanas|rahas|rohat|rehat|saMScat|tfpat|SaSvat|Bramat|vehat|Sucis|Sucivarcas|aRqara|varcas|ojas|surajas|arajas
LOHITADI	lohitAdiH	33	3.1.13	akrti	8	lohita|carita|nIla|Pena|madra|hari|dAsa|man
SUKHADI	suKAdiH	34	3.1.18	basic	11	suKa|duHKa|tfpta|kfcCra|asra|Asra|aloka|pratIpa|karuRa|kfpaRa|so
KANDVADI	kaRqvAdiH	35	3.1.27	akrti	60	kaRqUY|mantu|hfRIN|valgu|asu|nasa|mahIN|low|lew|iras|iraj|iraY|uvas|uzas|vew|meDA|kuzuBa|namas|magaDa|tantas|pampas|papas|suKa|duHKa|Bikza|caraRa|carama|avara|sapara|arara|arar|Bizaj|BizRuj|apara|Ara|izuDa|varaRa|curaRa|curaRa|BuraRa|gadgada|elA|kelA|KelA|velA|SelA|liw|lAw|leKA|leKa|reKA|dravas|tiras|agada|uras|taraRa|tariRa|payas|saMBUyas|sambara
NANDYADI	nandyAdiH	36	3.1.134	basic	25	nandanaH|vASanaH|madanaH|dUzaRaH|sADanaH|varDanaH|SoBanaH|rocanaH|sahanaH|tapanaH|damanaH|jalpanaH|ramaRaH|darpaRaH|saNkrandanaH|saNkarzaRaH|saMharzaRaH|janArdanaH|yavanaH|maDusUdanaH|viBIzaRaH|lavaRaH|cittavinASanaH|kuladamanaH|SatrudamanaH
GRAHYADI	grahyAdiH	37	3.1.134	basic	26	grAhI|utsAhI|uddAso|udBAsI|sTAyI|mantrI|saMmardI|nirakzI|niSrAvI|nivApO|niSAyI|ayAcI|avyAhArI|asaMvyAhArI|avrAjI|avAdI|avAsI|akArI|ahArI|avinAyI|viSAyI|vizAyI|aparADI|uparoDI|pariBavI|pariBAvI
PACADI	pacAdiH	38	3.1.134	akrti	36	paca|vaca|vapa|vada|cala|pata|nadaw|Bazaw|plavaw|caraw|garaw|taraw|coraw|gAhaw|saraw|devaw|dozaw|jara|raja|mara|mada|kzama|kzapa|seva|meza|kopa|koza|meDA|narta|vraRa|darSa|sarpa|damBa|darpa|jAraBara|Svapaca
MULAVIBHUJADI	mUlaviBujAdiH	39	3.2.5	akrti	27	mUlaviBuja|naKamuca|kAkaguha|kumuda|mahIDra|kuDra|giGra|kaprakaraRe mUlaviBujAdiBya upasaMKyAnam|pArSvAdiH|3.2.15|pArSva|udara|pfzWa|uttAna|avamUrDana|pArSvAdizUpasaNKyAnam|gamyAdiH|3.3.3|gamI|AgamI|BAvI|prasTAyI|pratiroDI|pratiyoDI|pratiboDI|pratiyAyI|pratiyogI
BHIDADI	BidAdiH	42	3.3.104	basic	14	vidA|kzipA|SradDA|meDA|goDA|hArA|kziyA|reKA|cUqA|pIqA|vapA|vasA|sfjA|kfpA
SAMPADADI	saMpadAdiH	43	3.3.108	basic	26	saMpad|vipad|Apad|pratipad|parizad|saMpadAdiByaH kvip|BImAdiH|3.4.74|BIma|BIzma|BayAnaka|vahacara|vahacaru|praskandana|pratapana|prapatana|samudra|sruva|sruk|vfzwI|vfzwI|rakzaH|saMkasuka|SaNkusuka|mUrKa|Kalati
AJADI	ajAdiH	45	4.1.4	basic	23	ajA|eqakA|kokilA|cawakA|aSvA|mUzikA|bAlA|hoqA|pAkA|vatsA|mandA|vilAtA|pUrvApihARA|pUrvApahARA|aparApahARA|kruYcA|uzRihA|devaviSA|jyezWA|kanizWA|maDyamA|puMyoge'pi|daMzwrA
SVASRADI	svasrAdiH	46	4.1.10	basic	7	svasf|duhitf|nanAndf|yAtf|mAtf|tisf|catasf
SAMANADI	samAnAdiH	47	4.1.35	basic	9	samAna|eka|vIra|piRqa|Sva|SirI|BrAtf|Badra|putra
GAURADI	gOrAdiH	48	4.1.41	basic	147	gOra|matsya|manuzya|SfNga|piNgala|haya|gavaya|mukaya|fzya|puwa|dURa|druRa|droRa|hariRa|kokaRa|kAkaRa|pawara|uRaka|Amala|Amalaka|kubala|bimba|badara|Parkaraka|karkaraka|tarkAra|SarkAra|puzkara|SiKaRqa|sala|SazkaRqa|sananda|suzama|suzava|alinda|gaqu|zARqaSa|AQaka|Ananda|ASvatTa|sfpAwa|AKaka|Apaccika|Sazkula|sUrya|sUrma|SUrpa|sUpa|vfsa|atasa|Ba|BfNga|maha|maWa|Ceda|peSa|meda|Svan|takzan|anaquhI|anaqvAhI|deha|dehala|kAkAdana|gavAdana|tejana|rajana|lavaRa|OdgAhamAni|AdgAhamAni|gOtama|gotama|pAraka|AyasTURa|ayaHsTURa|BOrika|BOliki|BOliNgi|yAna|meGa|Alambi|Alaji|AlabDi|Alakzi|kevAla|Apaka|Arawa|nawa|wowa|nowa|mUlAwa|SAtana|potana|pAtana|pAWana|pAnaWa|AstaraRa|aDikaraRa|aDikAra|AgrahAyaRI|AgrahAyaRI|pratyavarohiRI|secana|aRqara|sundara|maRqala|manTara|maNgala|pawa|piRwa|zaRqa|urda|garda|Sama|sUd|Oqa|Ardra|hfda|hrada|pARqa|BARqala|BARqa|lohARqa|kadara|kandara|kadala|taruRa|taluna|kalmAza|bfhat|mahat|soma|sODarma|vikala|nizPala|puzkala|pippalI|haritakI|harItakI|koSAtakI|SamI|varI|SarI|pfTivI|krozwu|mAtAmaha|pitAmaha
BAHVADI	bahvAdiH	49	4.1.45	akrti	41	bahu|padDati|aYcati|aNkati|aMhata|Sakawi|Sakati|SaktiH|Sastre|SAri|vAri|rAti|rADi|SADi|ahi|kapi|yazwi|muni|caRqa|arAla|kfpARa|kamala|vikawa|viSAla|viSaNkawa|Baruja|Dvaja|candraBAgAnadyAm|kalyARa|udAra|purARa|ahan|koqa|naKa|SiKA|bAla|SaPa|guda|Baga|gala|rAga
KRODADI	kroqAdiH	50	4.1.56	akrti	11	kroqA|KurA|UKA|bAlA|SaPA|gudA|GoRA|naKA|muKA|suBagA|sugalA
SHARNGARAVADI	SArNgaravAdiH	51	4.1.73	basic	25	SArNgarava|kApawava|gOggulava|brAhmaRa|bEda|gOta|kAmaRqaleya|brAhamakfteya|nice|AniDe|ASokeya|vAtsyAyana|mOYjAyana|kEkasa|kApya|kAvya|SEvya|ehi|paryehi|ASmaraTya|OdapAna|arAla|caRqAla|vataRqa|3
KRAUDYADI	krOqyAdiH	52	4.1.80	basic	22	kOqi|lAqi|vyAqi|ApiSali|Apakziti|cOpayata|cEwayata|vEwayata|sEkayata|bElvayata|sODAtaki|sUtayuvatyAm|Boja|kzatriye|yOtaki|kOwi|BOriki|BOliki|lmala|SAlAsTali|kApizWali|gOkakzya
ASHVAPATYADI	aSvapatyAdiH	53	4.1.84	basic	18	aSvapati|jYAnapati|Satapati|Danapati|gaRapati|sTAnapati|yajYapata|rAzwrapati|kulapati|gfhapati|Supata|DAnyapati|Danvapati|nDupati|Darmapata|saBApati|prARapati|kzetrapati
UTSADI	utsAdiH	54	4.1.86	basic	34	utsa|udapAna|vikara|vinada|mahAnada|mahAnasa|mahAprARa|taruRa|taluna|pfTivI|Denu|paNkti|jagatI|trizwup|anuzwup|janapada|Barata|uSInara|grIzma|pIlukuRa|pfzadaMSa|BallakIya|raTaMtara|maDyaMdina|bfhat|mahat|sattvat|kuru|paYcAla|indrAvasAna|uzRih|kakuB|suvarRa|deva
BAAHVADI	bAhvAdiH	55	4.1.96	akrti	57	bAhu|upabAhu|upavAku|nivAku|SivAku|vawAku|upanindu|pabinda|vfzalI|vfkalA|cUqA|balAkA|mUzikA|kuSalA|BagalA|CagalA|GruvakA|DuvakA|sumitrA|durmitrA|puzkarasad|anuharat|devaSarman|agniSarman|draSarmana|suSarman|kunAman|sunAman|paYcan|saptan|azwan|amitOjasaH|salopaSca|suDAvat|udaYcu|Siras|mAza|SarAvin|kzemavfdDin|SfNKalatodin|KaranAdin|nagaramardin|prAkAramardin|loman|ajIgarta|kfzRa|yuDizWira|arjuna|sAmba|gada|pradyumna|rAma|udaNka|sAttvakiH|jANGiH|EndaSarmiH|AjaDenaviH
KUNJADI	kuYjAdiH	56	4.1.98	basic	13	kuYja|braDna|SaNKa|Basman|gaRa|lomana|SaWa|SAka|SuRqA|SuBa|vipASa|skanda|skamBa
NADADI	naqAdiH	57	4.1.99	basic	73	naqa|cara|vara|baka|muYja|itika|itiSa|upaka|eka|lamaka|saptala|vAjapya|tika|prARa|nara|sAyaka|dAsa|mitra|dvIpa|piNgara|piNgala|kiNkara|kiNkala|kAtara|kAtala|kASyapa|kuSyapa|kASya|kAlya|kAvya|aja|amuzya|amuzma|amitra|ligu|citra|kumAra|loha|durga|stamBa|SiMSapA|agra|tfRa|Sakawa|sumanas|sumata|mimata|fc|jalaMDara|aDvara|yugaMDara|haMsaka|daRqin|hastin|iR|paYcAla|camasin|sukftya|sTiraka|brAhmaRa|cawaka|badara|aSvala|Karapa|laNka|inDa|astra|kAmuka|vrahmadatta|udumbara|SoRa|aloha|daRqapa
BIDADI	bidAdiH	58	4.1.104	basic	53	bida|urva|kaSyapa|kuSika|BaradvAja|upamanyu|kilAta|kandarpa|kidarBa|viSvAnara|fzizeRa|fzwizeRa|ftaBAga|haryaSva|priyaka|Apastamba|kUcavAra|Saradvat|Sunaka|Sunak|Denu|gopavana|Sigru|bindu|oga|BAjana|Samika|aSvAvatAna|SyAmAka|SyAmaka|SyAvali|SyAparRa|harita|kidAsa|vahyaska|arkalUza|vaDyoga|vizRuvfdDa|pratiboDa|racita|raTantara|gavizWira|nizAda|Sabra|alasa|maWara|mfqAku|sfpAku|mfda|punarBU|putra|duhitf|nanAndf
GARGADI	gargAdiH	59	4.1.105	basic	104	garga|vatsa|vAjAse|saMkfti|aja|vyAGrapAt|vidaBft|prAcInayoga|agasti|pulasti|reBa|agniveSa|SaNKa|Sawa|Saka|eka|GUma|avawa|manas|DanaMjaya|viSvAvasu|jaramARa|lohita|SaMsita|baBru|valgu|maRqu|SaNku|ligu|guhalu|mantu|maNkzu|aligu|jigIzu|manu|tantu|manAyIsUnu|kaTaka|kanTaka|fkza|tfkza|vfkza|tanu|tarukza|talukza|taRqa|vataRqa|kapikata|kapi|kata|kurukata|anaquh|kaRva|Sakala|gokakza|agastya|kaRqinI|yajYavalka|parRavalka|aBayajAta|virohita|vfzagaRa|rahUgaRa|SaRqila|varRaka|caRaka|culuka|mudgala|musala|jamadagni|parASara|jatUkarRa|jAtUkarRa|mahita|mantrita|aSmaraTa|SarkarAkza|pUtimAza|sTUrA|adaraka|araraka|elAka|piNgala|kfzRa|golanda|ulUka|titikza|Bizaja|Bizaj|BizRaja|Baqita|BaRqita|dalBa|cekita|cikitsita|devahU|indrahU|ekalu|pippalu|bfhadagni|sulohina|sulABin|ukTa|kuwIgu
ASHVADI	aSvAdiH	60	4.1.110	basic	75	aSva|aSman|SaNKa|SUdaka|vida|puwa|rohiRa|KarjUra|KajUra|YjAra|vas|pijUra|Baqila|BaRqila|Baqita|BaRqita|prakfta|rAmoda|kzAnta|kASa|tIkzRa|golANka|arka|svara|sPuwa|cakra|Sraviz|pavinda|pavitra|gomin|SyAma|DUma|DUmra|vAgmin|viSvAnara|kuwa|Sapa|atreye|jana|jaqa|Kaqa|grIzma|arha|kita|viMSapa|viSAla|giri|capala|cupa|dAsaka|vElya|bElva|prAcya|Darmya|Anaquhya|arjuna|prahfta|sumanas|durmanas|mana|manana|prAnta|Dvana|Atreya|BaradvAje|BaradvAja|Atreye|itsa|Atava|kitava|vada|Danya|pAda|Siva|Kadira
SHIVADI	SivAdiH	61	4.1.112	akrti	77	Siva|prozWa|prozWika|caRqa|jamBa|BUri|daRqa|kuWAra|kakuB|kakuBA|anaBimlAna|kohita|suKa|saMDi|muni|kakutsTa|kahoqa|kohaqa|kahUya|kahaya|roda|kapiYjala|kupiYjala|KaYjana|vataRqa|tfRakarRa|kzIrahrada|jalahrada|parila|paTika|pizwa|hEhaya|Arzika|gopikA|kapilikA|jawilikA|aleKana|viSravaRa|ravaRa|vartanAkza|grIvAkza|piwaka|viwapa|piwAka|tfkzAka|naBaka|UrRanABa|caratkAru|pfTA|utkzepa|purohitikA|surohitikA|surohikA|AryaSveta|aryaSveta|supizwa|masurakarRa|mayUrakarRa|rjUrakar|kadUraka|takzan|fzwizeRa|gaNgA|vipASa|maska|lahya|druhya|ayasTURa|tfRakarRa|tfRa|karRa|parRa|Balandana|virUpAkza|BUmi|ilA|sapatnI
SHUBHRADI	SuBrAdiH	62	4.1.123	akrti	84	SuBra|vizwa|pura|vizwapura|brahmakfta|SatadvAra|SalATala|SalAkABrU|leKABrU|leKAmra|vikasA|vikAsa|rohiRI|rukmiRI|DarmiRI|diS|SAlUka|ajabasti|SakaMDi|vimAtf|viDavA|Suka|viSa|devatara|Sakuni|Suka|amra|jYAtala|Satala|banDakI|sfkaRqu|visri|atiTi|godanta|kuSAmba|makuRqa|SAtAhara|pavazwurika|sunAman|lakzmaRaSyAmayorvAsizWe|goDA|kfkalAsa|aRIva|pravAhaRa|Barata|BArata|Barama|mukaRqa|karpUra|itara|anyatara|AliQa|sudanta|sucakza|sucakzas|sudAmana|kadru|tuda|akaSAya|kumArIkA|kuWArikA|kiSorikA|ambikA|jihmASin|pariDi|vAyudatta|Sakala|SalAkA|KaqUra|kuberikA|aSokA|ganDapiNgalA|KaqonmattA|anudfzwin|anudfzwi|jaratin|balIvardin|vipra|vIja|jIva|Svana|aSman|aSva|ajira
KALYANYADI	kalyARyAdiH	63	4.1.126	basic	12	kalyARI|suBagA|durBagA|banDakI|anudfzwi|anusfzwi|jaratI|balIvardI|jyezWA|kanizWA|maDyamA|parastrI
GRSHTYADI	gfzwyAdiH	64	4.1.136	basic	8	gfzwi|hfzwi|bali|hali|viSri|kudri|ajabasti|mitrayu
REVATYADI	revatyAdiH	65	4.1.146	basic	12	revatI|aSvapAlI|maRipAlI|dvArapAlI|vfkavaYcin|vfkabanDu|vfkagrAha|karRagrAha|daRqagrAha|kukkuwAkza|kakudAkza|cAmaragrAha
KURVADI	kurvAdiH	66	4.1.151	basic	48	kuru|gargara|maNguza|ajamAra|raTakAra|vAvadUka|samrAjaH|kzatriye|kavi|mati|vimati|kApiYjalAdi|vAk|vAmaraTa|pitfmat|indrajAlA|eji|vAtaki|dAmozRIzi|gaRakAri|kESori|kuwa|SAlAkA|SalAkA|mura|pura|erakA|SuBra|aBra|darBa|keSinI|SUrpaRAya|SyAvanAya|SyAvaraTa|SyAvaputra|satyaNkAra|vaqaBIkAra|paTikAra|mU|SakanDu|SaNku|SAka|SAlin|kartf|hartf|ina|piRqI|takzan
TIKADI	tikAdiH	67	4.1.154	basic	40	tika|kitava|saMjYA|bAlA|SiKA|uras|SAWya|sEnDava|yamunda|rUpya|grAmya|nIla|amitra|gokakzya|gOkakzya|kuru|devaraTa|tEtila|Orasa|kOravya|BEriki|BOliki|cOpayata|cEtayata|cEwayata|SEkayata|kzEtayata|vAjavata|candramas|SuBa|gaNgA|vareRya|supAman|ArabDa|vAhyaka|svalpaka|vfza|lomaka|udranya|yajYa
VAKINADI	vAkinAdiH	68	4.1.158	basic	5	vAkina|gADera|kArkaSa|kAka|laMkA
KAMBOJADI	kambojAdiH	69	4.1.175	basic	5	kamboja|cola|kerala|Saka|yavana
BHARGADI	BargAdiH	70	4.1.178	basic	8	Barga|karUza|kekaya|kaSmIra|sAlva|susTAla|uras|kOravya
YAUDHEYADI	yODeyAdiH	71	4.1.178	basic	9	yODeya|SOkreya|SOBreya|jyAvAReya|DOrteya|DArteya|trigarta|Barata|uSInara
BHIKSHADI	BikzAdiH	72	4.2.38	basic	16	BikzAgarBiRI|kzetra|karIza|aNkAra|aNgAra|carmin|Darmin|sahasra|yuvati|padAti|padDati|aTarvan|dakziRA|BUta|vizaya|Srotra
KHANDIKADI	KaRqikAdiH	73	4.2.45	basic	11	KaRqikA|vaqavA|Bikzuka|Suka|ulUka|Svan|ahan|yugavaratrA|yugavaratra|halabanDA|halabanDa
PASHADI	pASAdiH	74	4.2.49	basic	14	pASa|tfRa|DUma|vAta|aNgAra|pAwala|pota|gala|piwaka|piwAka|Sakawa|hala|nawa|vana
KHALADI	KalAdiH	75	4.2.51	akrti	31	Kala|qAka|kuwumba|SAka|kuRqalinI|KalAdiBya inirvaktavyaH|rAjanyAdiH|4.2.53|rAjanya|Anfta|bABravya|SAlaNkAyana|dEvayAtava|dEvayAta|vrIqa|varatra|jAlaMDarAyaRa|rAjAyana|telu|AtmakAmeya|ambarIzaputra|vasAti|bElvavana|SElUza|udumbara|tIvra|bElvala|ArjunAyana|saMpriya|dakzi|UrRanABa
BHAURIKYADI	BOrikyAdiH	77	4.2.54	basic	11	BOriki|vEpeya|BOliki|cEpayata|cEwayata|kAReya|vARijaka|vARikAjya|vAlikAjya|sEkayata|vEkayata
AISHUKARYADI	EzukAryAdiH	78	4.2.54	basic	31	EzukAri|sArasyAyana|sArasAyana|cAndrAyaRa|dvyAkzAyaRa|tryAkzAyaRa|OqAyana|jOlAyana|KAqAyana|dAsamitri|dAsamitrAyaRa|SOdrAyaRa|dAkzAyaRa|SayaRqAyana|SAyaRqAyana|tArkzyAyaRa|SOBrAyaRa|sOvIra|sOvIrAyaRa|SapaRqa|SayaRqa|SORqa|SayARqi|SayARqa|vESvamAnava|vESvaDyenava|vESvaDenava|naqa|tuRqadeva|viSvadeva|sApiRqi
UKTHADI	ukTAdiH	79	4.2.60	basic	28	ukTa|lokAyata|nyAsa|nyAya|punarukta|nirukta|nimitta|dvipadA|jyotiza|anupada|anukalpa|yajYa|Darma|carcA|ametara|Slakza|SlakzRa|saMhitA|padakrama|saGawa|saMGawwa|vftti|parizad|saMgraha|gaRa|guRa|Ayurdeva|Ayurveda
KRAMADI	kramAdiH	80	4.2.61	basic	5	krama|pada|SikzA|mImAMsA|sAman
VASANTADI	vasantAdiH	81	4.2.63	basic	13	vasanta|pIzma|varzA|Sarad|Sarat|hemanta|SiSira|praTama|guRa|carama|anuguRa|aTarvan|ATarvaR
SANKALADI	saNkalAdiH	82	4.2.75	basic	39	saMkala|puzkala|uttama|uqupa|udvepa|utpuwa|kumBa|viDAna|sudakza|sudatta|suBUta|sunetra|sumaNgala|supiNgala|sUta|sikata|pUtIkA|pUtika|pUlAsa|kUlAsa|palASa|niveSa|gaveSa|gamBIra|itara|An|ahan|loman|veman|caraRa|varuRa|bahula|sadyoja|aBizikta|goBft|rAjaBft|Balla|malla|mAla
SUVASTVADI	suvAstvAdiH	83	4.2.77	basic	16	suvAstu|suvastu|varRu|BaRqu|KaRqu|sevAnin|karpUrin|SiKaRqin|garta|karkaSa|SakawIkarRa|kfzRakarRa|karka|karkanDumatI|goha|ahisakTa
ARIHANADI	arIhaRAdiH	84	4.2.80	basic	53	arIhaRa|ahIraRa|druGaRa|druhaRa|Balaga|Bagala|ulanda|kiraRa|sAmparAyaRa|krOzwrAyana|krOzwrAyaRa|OzwrAyaRa|trEgartAyana|mEtrAyaRa|BAstrAyaRa|vEmatAyaRa|vEmatAyana|gOmatAyana|sOmatAyana|sOsAyana|DOmatAyana|sOmAyana|EndrAyaRa|kOdrAyaRa|kOndrAyaRa|KAqAyana|SARqilyAyana|rAyaspoza|vipaTa|vipASa|uddaRqa|udaYcana|KARqavIraRa|vIraRa|kASakftsna|kaSakftsna|jAmbavat|SiMSapA|rEvata|revata|bilva|suyujYa|SirIza|baDira|jambu|suSarman|saSarman|halatf|Balandana|KaRqu|kalana|kanala|yajYadatta
KRSHASHVADI	kfSASvAdiH	85	4.2.80	basic	33	kfSASva|arizwa|ArISma|veSman|viSAla|lomaSa|romaSa|lomaka|romaka|Sabala|kUwa|varcala|suvarcala|sukara|sUkara|prAtara|pratara|sadfSa|puraga|purAga|suKa|DUma|ajina|vinatA|avanata|vikuGAsa|kuviwyAsa|parASara|arus|ayas|mOdralyAkara|mOdgalya|yukara
RSHYADI	fSyAdiH	86	4.2.80	basic	34	fSya|fzya|nyagroDa|Sara|nilIna|nivAsa|nivAta|niDAna|nibadDana|nibanDa|vibadDa|parigUQa|upagUQa|asanI|sita|mat|veSman|uttarASman|aSman|sTUla|bAhu|Kadira|SarkarA|anaquha|anaquh|araqu|parivaMSa|veRu|vIraRa|KaRqa|daRqa|parivftta|kardama|aMSu
KUMUDADI	kumudAdiH	87	4.2.80	basic	21	kumuda|SarkarA|nyagroDa|itkawa|saMkawa|kaMkawa|garta|bIja|parivApa|niryAsa|Sakawa|kaca|maDu|SirIza|aSva|aSvatTa|balvaja|yavAsa|kUpa|vikaNkata|daSagrAma
KASHADI	kASAdiH	88	4.2.80	basic	22	kASa|pASa|aSvatTa|palASa|pIyUkza|varaRa|vAsa|naqa|vana|kardama|kacCUla|vaNkawa|gfha|bisa|tfRa|karpUra|barbara|maDura|graha|kapitTa|jatu|sIpAla
TRNADI	tfRAdiH	89	4.2.80	basic	16	tfRa|naqa|mUla|vana|parRa|varRa|varARa|bila|pula|Pala|arjuna|arRa|suvarRa|bala|caraRa|busa
PREKSHADI	prekzAdiH	90	4.2.80	basic	22	prekzA|PalakA|halakA|banDukA|DruvakA|kzipakA|nyagroDa|ikkawa|kaNkaka|saMkawa|kawa|kUpa|buka|puka|puwa|maha|parivApa|yavAza|DruvakA|garta|kUpaka|hiraRya
ASHMADI	aSmAdiH	91	4.2.80	basic	21	aSman|yUTa|Uza|mIna|mada|darBa|vfnda|guda|KaRqa|naga|SiKA|kowa|pAma|kanda|kAnda|kula|gahva|guqa|kuRqala|pIna|guha
SAKHYADI	saKyAdiH	92	4.2.80	basic	29	saKi|agnidatta|vAyudatta|saKidatta|gopila|BallapAla|Balla|pAla|cakta|cakravAka|Cagala|aSoka|karavIra|vAsava|vIra|pUra|vajra|kuSIraka|SIhara|sIhara|saraka|sarasa|saMmara|samala|surasa|roha|tamAla|kadala|saptala
SANKASHADI	saNkASAdiH	93	4.2.80	basic	39	saMkASa|kapila|kaSmIra|samIra|surasena|saraka|sUra|yUpa|yUTa|aMSa|aNka|nAsA|palita|anu|nASa|aSman|kUwa|malina|daSa|kumBa|SIrza|ciranta|virata|samala|sIra|paYjara|manTa|nala|roman|loman|pulina|supari|kawipa|sakarRaka|vfzwi|tIrTa|agasti|vikara|nAsikA
BALADI	balAdiH	94	4.2.80	basic	15	bala|cula|nala|dala|vawa|lakula|urala|puKa|pula|mUla|ulaqula|ula|qula|vana|kula
PAKSHADI	pakzAdiH	95	4.2.80	basic	37	pakza|tukza|tuza|kuRqa|aRqa|kambalikA|valika|citra|asti|kumBa|sIraka|saraka|sakala|sarasa|samala|atiSvan|roman|loman|hastin|maka|lomaka|SIrza|nivAta|pAka|sahaka|siMhaka|aNkuSa|suvarRaka|haMsaka|hiMsaka|kutsa|bila|Kila|yamala|hasta|kalA|sakarRaka
KARNADI	karRAdiH	96	4.2.80	basic	20	karRa|vasizWa|arka|arkalUza|drupada|anaquhya|pAYcajanya|sPiga|sPij|kumBI|kuntI|jitvan|jIvanta|kuliSa|aRqIvat|ARaqIvata|java|jEtra|Akana|anaka
SUTANGAMADI	sutaNgamAdiH	97	4.2.80	basic	20	suMtagama|municita|vipracitta|mahAcitta|mahAputra|svana|Sveta|gaqika|Kaqika|Sukra|vigra|bIjAvApin|bIjavApin|arjuna|Svan|ajira|jIva|KaRqina|karRa|vigraha
PRAGADYADI	pragadyAdiH	98	4.2.80	basic	9	pragadin|magadin|maMdadin|kavila|KaRqita|gadita|cUqAra|mandAra|kovidAra
VARAHADI	varAhAdiH	99	4.2.80	basic	16	varAha|palASA|palASa|Seriza|SirIza|pinadDa|nibadDa|balAha|sTUla|vidagDa|vijagDa|viBagna|nimagna|bAhu|Kadira|SarkarA
KUMUDADI_4	kumudAdiH	100	4.2.80	basic	13	kumuda|gomaTa|raTakAra|daSagrAma|aSvatTa|SAlmalI|SirIza|munisTala|kuRqala|kUwa|muDukarRa|GAsakunda|SucikarRa
VARANADI	varaRAdiH	101	4.2.82	basic	23	varaRA|SfNgI|SAlmali|SuRqi|SayARqI|parRI|tAmraparRI|goda|AliNgyAyana|jAlapadI|jAnapadI|jambU|puzkara|sampA|pampA|valgu|ujjayinI|gayA|maTurA|takzaSilA|urasA|gomatI|valaBI
MADHVADI	maDvAdiH	102	4.2.86	basic	28	maDu|bisa|sTARu|veRu|karkanDu|SamI|karIra|hima|kiSarA|SaryARA|marut|vArdAlI|Sara|izwakA|Asuti|Sakti|AsandI|Sakala|SalAkA|AmizI|ikzu|roman|ruzwi|ruzya|takzaSilA|kaqa|vawa|vewa
UTKARADI	utkarAdiH	103	4.2.90	basic	57	utkara|saMPala|SaPara|pippala|pippalImUla|aSman|suvarRa|svalAjina|tika|kitava|aRaka|trEvaRa|picuka|aSvatTa|kASa|kzudra|BastrA|SAla|janyA|ajira|carman|utkroSa|kzAnta|Kadira|SUrpaRAya|SyAvanAya|nEvAkava|tfRa|vfkza|SAka|palASa|vijigIzA|aneka|Atapa|Pala|saMpara|arka|garta|agni|vErARaka|iqA|araRya|niSAnta|paRa|nIcAyaka|SaMkara|avarohita|kzAra|viSAla|vetra|arIhaRa|KaRqa|vAtAgAra|indravfkza|nitAntavfkza|nitAntAvfkza|Ardravfkza
NADADI_4	naqAdiH	104	4.2.91	basic	10	naqa|plakza|bilva|veRu|vetra|vetasa|ikzu|kAzWa|kapota|tfRa
KATRYADI	katryAdiH	105	4.2.95	basic	14	katri|umBi|puzkara|puzkala|modana|kumBI|kuRqina|nagarI|mAhizmatI|varmatI|uKyA|grAma|kuqyAyA|yalopaSca
NADYADI	nadyAdiH	106	4.2.97	basic	19	nadI|mahI|vArARasI|SrAvastI|kOSAmbI|vanakOSAmbI|vanakoSAmbI|kASaparI|kASaPArI|kASaParI|KAdirI|pUrvanagarI|pAWA|mAyA|SAlvA|dArvA|setakI|vaqavAyA|vfze
PALADYADI	paladyAdiH	107	4.2.110	basic	18	paladI|parizad|romaka|vAhIka|kalakIwa|bahukIwa|jAlakIwa|kamalakIwa|kamalakIkara|kamalaBidA|gozWI|nEkatI|pariKA|SUrasena|gomatI|pawaccara|udapAna|yakflloma
KASHYADI	kASyAdiH	108	4.2.116	basic	33	kASi|cedi|vedi|sAMyAti|saMvAha|acyuta|modamAna|SakulAda|hastikarzU|kunAman|hiraRyA|karaRa|govAsana|BAraNgI|ariMdama|aritra|devadatta|daSagrAma|SOvAvatAna|yuvarAja|uparAja|devarAja|modana|sinDumitra|dAsamitra|suDAmitra|somamitra|CAgamitra|sADamitra|saDamitra|ApatkAla|UrDvakAla|tatkAla
DHUMADI	DUmAdiH	109	4.2.127	basic	47	DUma|zaqaRqa|SaSAdana|arjunAva|mAhakasTalI|AnakasTalI|mAhizasTalI|mAnasTalI|awwasTalI|madrakasTalI|samudrasTalI|dARqAyanasTalI|rAjasTalI|videha|rAjagfha|sAtrAsAha|Sazpa|mitravarDra|mitravarDa|BakzAlI|madrakUla|AjIkUla|dvyAhava|dvyAhAva|tryahava|tryAhAva|saMsPAya|barbara|varjya|garta|Anarta|mAWara|pATeya|Goza|pallI|ArAjYI|DArtarAjYI|Avaya|tIrTa|kukzi|antarIpa|dvIpa|aruRa|ujjayanI|pawwAra|dakziRApaTa|sAketa
KACCHADI	kacCAdiH	110	4.2.133	basic	16	kacCa|sinDu|varRu|ganDAra|maDumat|kamboja|kaSmIra|sAlva|kuru|anuSaRqa|dvIpa|anUpa|ajavAha|vijApaka|kalUtara|raNku
GAHADI	gahAdiH	111	4.2.138	akrti	59	gaha|antaHsTa|sama|vizama|maDya|maDyaMdina|caraRe|uttama|aNga|vaNga|magaDa|pUrvapakza|aparapakza|aDamaSAKa|uttamaSAKa|samAnagrAma|ekagrAma|ekavfkza|ekapalASa|izvagra|izvanIka|avasyandan|kAmaprasTa|SAqikAqAyani|KAqAyana|kAWeraRi|lAveraRi|sOmitri|SESiri|Ayuta|dEvaSarmi|SrOti|AhiMsi|Amitri|vyAqi|vEji|ADyaSvi|sOmitri|vyAqi|vEji|ADyaSvi|AnfSasi|AnfSaMsi|agniSarmi|BOji|vArAwaki|vAlmiki|vAlmIki|kzEmavfdDi|ASvatTi|OdgAhamAni|ekavindavi|dantAgra|haMsa|tatvagra|tantvagra|uttara|antara|anantara
SANDHIVELADI	sanDivelAdiH	112	4.3.16	basic	8	sanDivelA|saMDyA|amAvAsyA|trayodaSI|caturdaSI|paYcadaSI|pOrRamasI|pratipat
DIGADI	digAdiH	113	4.3.54	basic	28	diS|varga|pUga|gaRa|pakza|DAyyA|mitra|meDA|antara|paTin|rahas|alIka|uKA|sAkzin|Adi|deSa|Adi|anta|muKa|jaGana|meGa|yUTa|jYAya|nyAya|vaMSa|veSa|kAla|AkASa
PARIMUKHADI	parimuKAdiH	114	4.3.59	basic	51	parimuKa|parihanu|paryozWa|paryulUKala|parisIra|upasIra|upasTURa|upakalApa|anupaTa|anugaqga|anutila|anusIta|aDusAya|anusIra|anumAza|anuyava|anuyUpa|anuvaMSa|pratiSAKa|parimuKAdiByaSca|aDyAtmAdiH|4.3.60|aDyAtma|aDideva|aDiBUta|ihaloka|paraloka|aDyAtmAdiByaSca|fgayanAdiH|4.3.73|fgayana|padavyAKyAna|CandomAna|CagdoBAzA|Candoviciti|nyAya|punarukta|vyAkaraRa|nigama|vAstuvidyA|kzatravidyA|aNgavidyA|vidyA|utpAda|utpAta|saMvatsara|muhUrta|upanizad|nimitta|SikzA|BikzA
SHUNDIKADI	SuRqikAdiH	117	4.3.76	basic	10	SuRqika|kfkaRa|kfpaRa|sTaRqila|udapAna|upala|tIrTa|BUmi|tfRa|parRa
SHANDIKADI	SaRqikAdiH	118	4.3.92	basic	8	SaRqika|sarvasena|sarvakeSa|Saka|Sawa|raka|SaNKa|boDa
SINDHVADI	sinDvAdiH	119	4.3.93	basic	12	sinDu|varRu|maDumat|kamboja|sAlva|kaSmIra|ganDAra|kizkinDA|urasA|darada|darad|gandikA
TAKSHASHILADI	takzaSilAdiH	120	4.3.93	basic	14	takzaSilA|vatsodDaraRa|kOmedura|grAmaRI|Cagala|kozwukarRa|siMhakarRa|saMkucita|kinnara|kARqaDAra|parvata|avasAna|barbara|kaMsa
SHAUNAKADI	SOnakAdiH	121	4.3.106	basic	16	SOnaka|vAjasaneya|SArNgarava|SAzpeya|KAqAyana|stamBa|skanDa|devadarSana|rajjuBAra|rajjukaRWa|kaWaSAWa|kazAya|tala|daRqa|puruzAMsaka|aSvapeja
KULALADI	kulAlAdiH	122	4.3.118	basic	20	kulAla|varuqa|cARqAla|nizAda|karmAra|senA|sirinDra|siriGri|sErinDra|devarAja|parzat|parizat|vaDU|maDU|ruhU|rudra|anaquH|brahman|kumBakAra|SvapAka
RAIVATIKADI	rEvatikAdiH	123	4.3.131	basic	7	rEvatika|svApiSi|gOragrIva|gOragrIvi|OdameGi|OdavApi|bejavApi
BILVADI	bilvAdiH	124	4.3.136	basic	13	bilva|vrIhi|kARqa|mudga|masUra|goDUma|ikzu|veRu|gaveDukA|karpAsI|pAwalI|karkanDU|kuwIra
PALASHADI	palASAdiH	125	4.3.141	basic	9	palASa|Kadira|SiMSapA|spandana|pUlAka|karIra|SirIza|yavAsa|vikaNkata
SHARADI	SarAdiH	126	4.3.144	basic	8	Sara|darBa|mfd|mft|kuwI|tfRa|soma|balvaja
TALADI	tAlAdiH	127	4.3.152	basic	9	tAlAdDanuzi|bArhiRa|indrAliSa|indrAdfSa|indrASiza|indrAyuDa|caya|SyAmAka|pIyUkzA
RAJATADI	rajatAdiH	128	4.3.154	basic	12	rajata|sIsa|loha|udumbara|nIpa|dAru|rohitaka|biBItaka|pItadAru|tIvradAru|trikaRwaka|kaRwakAra
PLAKSHADI	plakzAdiH	129	4.3.164	basic	8	plakza|nyagroDa|aSvatTa|iNgudI|Sigru|ruru|kakzatu|bfhatI
HARITAKYADI	harItakyAdiH	130	4.3.167	basic	17	harItakI|koSAtakI|naKaraYjanI|SazkaRqI|dAqI|doqI|SvetapAkI|arjunapAkI|drAkzA|kAlA|DvAkzA|gamIkA|kaRwakArikA|pippalI|cimpA|ciYcA|SePAlikA
MASHABDADI	mASabdAdiH	131	4.4.1	basic	31	mASabdaH|nityaSabdaH|kAryaSabdaH|mASabdAdiBya upasaMKyAnam|praBftAdiH|4.4.1|praBUta|paryApta|AhO praBUtAdiByaH|susnAtAdiH|4.4.1|susnAta|suKarAtri|suKaSayana|pfcCatO susnAtAdiByaH|paradArAdiH|4.4.1|paradAra|gurutalpa|gacCatO paradArAdiByaH|parpAdiH|4.4.10|parpa|aSva|aSvatTa|raTa|jAla|nyAsa|vyAla|pAda|paYca
VETANADI	vetanAdiH	136	4.4.12	basic	20	vetana|vAhana|arDavAhana|DanurdaRqa|jAla|veSa|upaveSa|prezaRa|upavasti|suKa|SayyA|Sakti|upanizat|upadeSa|sPij|sPija|pAda|upasTa|upasTAna|upahasta
UTSANGADI	utsaNgAdiH	137	4.4.15	basic	7	utsaNga|uqupa|utpUta|utpanna|utpuwa|piwaka|piwAka
BHASTRADI	BastrAdiH	138	4.4.16	basic	7	BastrA|Barawa|BaraRa|SIrza|SIrzeBAra|aMsaBAra|aMseBAra
AKSHADYUTADI	akzadyUtAdiH	139	4.4.19	basic	10	akzadyUta|jAnuprahfta|jaNGAprahfta|jaNGAprahata|pAdaKedana|kaRwakamardana|gatAnugata|gatAgata|yAtopayAta|anugata
MAHISHYADI	mahizyAdiH	140	4.4.48	basic	12	mahizI|prajApatI|prajAvatI|pralepikA|vilepikA|anulepikA|purohitA|maRipAlI|anuvAraka|nucAra|hotf|yajamAna
KISARADI	kisarAdiH	141	4.4.53	basic	11	kisara|narada|nalada|sTAgala|tagara|guggulu|uSIra|haridrA|haridru|pargI|parRI
CHATRADI	CatrAdiH	142	4.4.62	basic	21	Catra|SikzA|prarohasTA|buBukzA|carA|titikzA|upasTAna|fzi|karman|viSvaDA|tapas|satya|anfta|viSiKA|viSikA|BakzA|udasTAna|paroqA|vikzA|cukzA|mandra
PRATIJANADI	pratijanAdiH	143	4.4.99	basic	12	pratijana|idaMyuga|saMyuga|samayuga|parayuga|parakula|parasyakula|amuzyakula|sarvajana|viSvajana|mahAjana|paYcajana
KATHADI	kaTAdiH	144	4.4.102	basic	14	kaTA|vikaTA|viSvakaTA|saMkaTA|vitaRqA|kuzwavid|kuzWavid|janavAda|janevAda|janovAda|vftti|saMgfha|guRagaRa|Ayurveda
GUDADI	guqAdiH	145	4.4.103	basic	14	guqa|kulmAza|saktu|apUpa|mAMsOdana|ikzu|veRu|saNgrAma|saMGAta|saMkAma|saMvAha|pravAsa|nivAsa|upavAsa
GAVADI	gavAdiH	146	5.1.2	basic	21	go|havis|akzara|viza|barhis|azwakA|svadA|yuga|meDA|srac|kUpa|Kada|dara|asura|aDvan|aDvana|kzara|veda|bIja|dIsa|dIpta
APUPADI	apUpAdiH	147	5.1.4	basic	23	apUpa|taRqula|aByuza|aByUza|aByoza|avoza|aByeza|pfTuka|odana|sUpa|pUpa|kiRva|pradIpa|musala|kawaka|karRavezwaka|irgala|argala|yUpa|sTURA|dIpa|aSva|patra
NISHKADI	nizkAdiH	148	5.1.20	basic	7	nizka|paRa|pAda|mAza|vAha|droRa|zazwi
ASHVADI_5	aSvAdiH	149	5.1.39	basic	10	aSva|aSman|gaRa|UrRA|urma|umA|BaNgA|gaNgA|varzA|vasu
VAMSHADI	vaMSAdiH	150	5.1.50	basic	12	vaMSa|kuwaja|balvaja|mUla|sTURA|sTURa|akza|aSman|aSva|SlakzaRa|ikzu|KawvA
CHEDADI	CedAdiH	151	5.1.64	basic	19	Ceda|Beda|droha|doha|narti|narta|karza|tIrTa|saMprayoga|viprayoga|prayoga|viprakarza|prezaRa|saMpraSna|vipraSna|vikarza|virAga|viraNgaM|ca
DANDADI	daRqAdiH	152	5.1.66	basic	15	daRqa|musala|maDuparka|kaSA|arGa|meGa|meDA|suvarRa|udaka|vaDa|yuga|guhA|BAga|iBa|BaNga
MAHANAMNYADI	mahAnAmnyAdiH	153	5.1.94	basic	21	mahAnAmnI|Adityavrata|godAna|mahAnAmnyAdiByaH zazWayanteBya upasaMKyAnam|avAntaradIkzAdiH|5.1.94|avAntaradIkzA|tilavrata|devavrata|avAntaradIkzAdiByo qernirvaktavyaH|vyuzwAdiH|5.1.97|vyuzwa|nitya|nizkramaRa|praveSana|upasaNkramaRa|tIrTa|AstaraRa|saNgrAma|saNGAta
AGNIPADADI	agnipadAdiH	156	5.1.97	akrti	5	agnipada|pIlupada|pIlumUla|pravAsa|upavAsa
SAMTAPADI	saMtApAdiH	157	5.1.101	basic	19	saMtApa|saMnAha|saMgrAma|saMyoga|saMparAya|saMveSana|saMpeza|nizpeza|sarga|nisarga|visarga|upasarga|pravAsa|upavAsa|saNGAsa|saMveza|saMvAsa|samodana|saktu
UPAVASTRADI	upavastrAdiH	158	5.1.105	basic	20	upavastf|prASitf|cUqA|SradDA|ftoraR prakaraRe upavastrAdiBya upasaMKyAnam|anupravacanAdiH|5.1.111|anupravacana|utTApana|upasTApana|saMveSana|praveSana|anupraveSana|anuvAsana|anuvacana|anuvAcana|anvArohaRa|prAramBaRa|AramBaRa|ArohaRa
SVARGADI	svargAdiH	160	5.1.111	basic	45	svarRa|yaSas|Ayus|kAma|Dana|svargAdiByo yadvaktavyaH|puRyAhavAcanAdiH|5.1.111|puRyAhavAcana|svastivAcana|SAntivAcana|puRyAhavAcanAdiByo lugvaktavyaH|pfTvAdiH|5.1.122|pfTu|mfdu|mahat|pawu|tanu|laGu|bahu|sADu|ASu|uru|guru|bahula|KaRqa|daRqa|caRqa|akiMcana|bAla|hoqa|pAka|vatsa|manda|svAdu|hrasva|dIrGa|priya|vfza|fju|kzipra|kzupra|kzudra|aRu
VARNADRDHADI	varRadfQAdiH	163	5.1.123	basic	21	dfQa|vfQa|parivfQa|BfSa|kfSa|vakra|Amra|kfzwa|lavaRa|tAmra|SIta|SIta|uzRa|jaqa|baDira|paRqita|maDura|mUrKa|mUka|sTira|javana
BRAHMANADI	brAhmaRAdiH	164	5.1.124	akrti	45	brAhmaRa|vAqava|mARava|cora|DUrta|ArADaya|virADaya|aparADaya|uparADaya|ekaBAva|dviBAva|triBAva|anyaBAva|akzetrajYa|saMvAdin|saMveSin|saMBAzin|bahuBAzin|SIrzapAtin|viGAtin|samasTa|vizamasTa|paramasTa|maDyamasTa|anISvara|kuSala|capala|nipuRa|piSuna|kutUhala|kzetrajYa|niSna|bAliSa|alasa|duHpuruza|kApuruza|rAjan|gaRapati|aDipati|gaqula|dAyAda|viSasti|vizama|vipAta|SOwIra
CATURVEDADI	caturvedAdiH	165	5.1.124	basic	53	caturveda|caturvarRa|caturASrama|sarvaviDa|triloka|trisvara|zaqguRa|senA|anantara|saMniDi|samIpa|upamA|muKa|tadarTa|itiha|maRika|caturvedAdiBya uBayapadavfdDiSca|purohitAdiH|5.1.128|purohita|grAmika|piRqika|suhita|vAlamanda|bAlamanda|KaRqika|daRqika|varmika|karmika|Carmika|Sitika|mUtika|mUlika|tilaka|aYjalika|antalika|rUpika|fzika|patrika|paTika|carmika|pratika|sAraTi|AsTika|sUcika|saMrakza|sUcaka|saMrakzasUcaka|nAstika|ajAnika|SAkvara|nAgara|cUqika
UDGATRADI	udgAtrAdiH	167	5.1.129	basic	15	udgAtf|unnetf|pratihartf|praSastf|hotf|potf|hartf|raTagaRaka|pakzigaRaka|suzWu|duzWu|aDvaryu|vaDU|suBaga|mantre
YUVADI	yuvAdiH	168	5.1.130	basic	30	yuvan|sTavira|hotf|yajamAna|BrAtf|kutuka|SramaRa|SravaRa|kawuka|kamaRqalu|kustrI|sustri|daHstrI|suhfdaya|durhfdaya|suhfd|durhft|suBrAtf|durBrAtf|vfzala|parivrAjaka|sabrahmacArin|anfSaMsa|hfdayAse|kuSala|capala|nipuRa|piSuna|kutUhala|kzetrajYa
MANOJNADI	manojYAdiH	169	5.1.133	basic	27	manojYa|priyarUpa|aBirUpa|kalyARa|meDAvin|AQaya|kulaputra|CAndasa|CAtra|Srotriya|cora|DUrta|viSvadeva|yuvan|kuputra|grAmaputra|grAmakulAla|grAmaqa|grAmazaRqa|grAmakumAra|sukumAra|bahula|avaSyaputra|amuzyaputra|amuzyakula|sAraputra|Sataputra
PILVADI	pIlvAdiH	170	5.2.24	basic	10	pIlu|karkanDU|karkanDu|SamI|karIra|bala|kuvala|badara|aSvatTa|Kadira
KARNADI_5	karRAdiH	171	5.2.24	basic	13	karRa|akzi|naKa|muKa|maKa|keSa|pAda|gulPa|BrUBaNga|danta|ozWa|pfzWa|aNguzWa
TARAKADI	tArakAdiH	172	5.2.36	basic	89	tArakA|puzpa|karRaka|maYjarI|fjIza|kzaRa|sUtra|mUtra|nizkramaRa|purIza|uccAra|pracAra|vicAra|kuqmala|kaRwaka|musala|mukula|kusuma|kutUhala|stabaka|stavaka|kisalaya|pallava|KaRqa|vega|nidrA|mudrA|buBukzA|DenuzyA|pipAsA|SradDA|aBra|pulaka|aNgAraka|varRaka|droha|doha|suKa|duHKa|utkaRWA|Bara|vyADi|varman|vraRa|gOrava|SAstra|taraNga|tilaka|candraka|anDakAra|garva|kumura|mukura|harza|utkarza|raRa|kuvalaya|garGa|kzuD|sImanta|jvara|gara|roga|romAYca|paRqA|kujjala|tfz|koraka|kallola|sTapuwa|Pala|kaYcuka|SfNgAra|aNkura|SEvala|bakula|Svamra|ArAla|kalaNka|kardama|kandala|mUrcCA|aNgAra|hastaka|pribimba|viGnatantra|pratyaya|dIkzA|garja
VIMUKTADI	vimuktAdiH	173	5.2.61	basic	26	vimukta|devAsura|rakzosura|upasad|suvarRa|parisAraka|sadasat|vasu|marut|patnIvat|vasumat|mahIyas|satvat|barhavat|daSArRa|daSArha|vayas|havirDAna|patatrin|mahitrI|asyahatya|somApUzan|iqA|agnAvizRU|urvaSI|vftrahan
GOSHADADI	gozadAdiH	174	5.2.62	basic	16	gozada|gozad|izetvA|mAtariSvan|devasyatvA|devIrApaH|devIMDiyA|devIMDiya|rakzohaRa|yuYjAna|aYjana|prasUta|praBUta|pratUrta|kfSAnu|kfSAku
AKARSHADI	AkarzAdiH	175	5.2.64	basic	19	Akarza|Akaza|tsaru|piSAca|picaRqa|aSani|aSman|nicaya|caya|vijaya|jaya|Acaya|naya|pAda|dIpahrada|hrAda|hlAda|gadgada|Sakuni
ISHTADI	izwAdiH	176	5.2.88	basic	32	izwa|pUrta|upAsAdita|nigadita|parigAdita|parivAdita|nikaTita|nizAdita|nipaWita|sakalita|parikalita|saMrakzita|parirakzita|Arcita|gaRita|avakIrRa|Ayukta|gfhIta|AAmnAta|Sruta|aDIta|avaDAna|Asevita|avaDArita|avakalpita|nirAkfta|upakfta|upAkfta|anuyukta|anugaRita|anupaWita|vyAkulita
RASADI	rasAdiH	177	5.2.95	basic	10	rasa|rUpa|varRa|ganDa|sparSa|Sabda|sneha|BAva|guRAt|ekAcaH
SIDHMADI	siDmAdiH	178	5.2.97	basic	44	siDma|gaqu|maRi|nABi|bIja|vIRA|kfzRa|nizpAva|pAMsu|pArSva|parSu|hanu|saktu|mAsa|mAMsa|parRa|udaka|prajA|sakTi|karRa|sneha|SIta|SyAma|piNga|pitta|puzPa|pfTu|mfdu|maYju|gaRqa|patra|cawu|kapi|kaRqu|granTi|SrI|kuSa|DArA|varzman|pakzman|Slezman|peSa|nizpAd|kuRqa
LOMADI	lomAdiH	179	5.2.100	basic	9	loman|roman|baBru|hari|giri|karka|kapi|muni|taru
PAMADI	pAmAdiH	180	5.2.100	basic	11	pAman|vAman|veman|heman|Slezman|kadru|kadrU|bali|sAman|Uzman|kfmi
PICCHADI	picCAdiH	181	5.2.100	basic	8	picCa|uras|Duvaka|Druvaka|varRa|udaka|paNka|prajYA
JYOTSNADI	jyotsnAdiH	182	5.2.103	basic	29	jyotsnA|tamisnA|kuRqala|kutapa|visarpa|vipAdikA|jyotsnAdiBya upasaMKyAnam|vrIhyAdiH|5.2.116|vrIhI|mAyA|SAlA|SiKA|mAlA|meKalA|kekA|azwakA|patAkA|carman|karman|varmin|daMzwrA|saMjYA|vaqavA|kumArI|nO|vIRA|balAkA|yavaKada
TUNDADI	tundAdiH	184	5.2.117	basic	5	tunda|udara|picaRqa|yava|vrIhi
ARSHAADI	arSaAdiH	185	5.2.127	basic	14	arSas|uras|tunda|catura|kalita|jawA|GawA|GAwA|aBra|aGa|kardama|amla|lavaRa|varRAt
SUKHADI_5	suKAdiH	186	5.2.131	basic	21	suKa|duHKa|tfpta|tfpra|kfcCra|asna|ASra|Asna|alIka|kaWiRa|soQa|pratIpa|SIla|hala|mAlA|kzepe|kfpaRa|praRAya|praRaya|dala|kakza
PUSHKARADI	puzkarAdiH	187	5.2.135	basic	32	puzkara|padma|utpala|tamAla|kumuda|naqa|kapitTa|bisa|mfRAla|kardama|SAlUka|vigarha|karIza|SirIza|yavAsa|pravAsa|hiraRya|kErava|kallola|tawa|taraNga|paNkaja|saroja|rAjIva|saroruha|puwaka|aravinda|amBoja|abja|kamala|kallola|payas
BALADI_5	balAdiH	188	5.2.136	basic	17	bala|utsAha|udBAva|udvAsa|udvAma|SiKA|kula|cUqA|sula|kUla|AyAma|vyAyAma|upayAma|Aroha|avaroha|pariRAha|yudDa
BHAVADADI	BavadAdiH	189	5.3.14	basic	26	BavAn|dIrGAyuH|devAnAMpriyaH|AyuzmAn|dfSigrahaRAdBavadAdiyoga eva|devapaTAdiH|5.3.100|devapaTa|haMsapaTa|vAripaTa|raTapaTa|sTalapaTa|karipaTa|ajapaTa|rAjapaTa|SatapaTa|SaNkupaTa|minDupaTa|sidDagati|uzwragrIvA|vAmarajju|hasta|indra|daRqa|puzpa|matsya
SHAKHADI	SAKAdiH	191	5.3.103	basic	15	SAKA|muKa|jaGana|SfNga|meGa|aBra|caraRa|skanDa|skada|skanda|uras|Siras|agra|SARa|SaraRa
SHARKARADI	SarkarAdiH	192	5.3.107	basic	13	SarkarA|kapAlikA|kapAwikA|kapizWikA|kanizWikA|puRqarIka|Satapatra|goloman|loman|gopucCa|narAcI|nakula|sikatA
ANGULYADI	aNgulyAdiH	193	5.3.108	basic	16	aNguli|Baruja|baBru|valgu|maRqara|maRqala|SazkulI|hari|kapi|muni|ruha|Kala|udaSvit|goRI|uras|kuliSa
DAMANYADI	dAmanyAdiH	194	5.3.116	basic	23	dAmanI|Olapi|bEjavApi|Odaki|OdaNki|acyutanti|Acyutanti|acyutadanti|Acyutadanti|SAkuntaki|AkidantI|Akvidanti|Oqavi|kAkadantaki|SatruMtapi|sArvaseni|bindu|bEndavi|tulaBa|mOYjAyana|kAkandi|ulaBa|sAvitrIputra
PARSHVADI_5	parSvAdiH	195	5.3.117	basic	12	parSu|asura|rakzas|bAhlIka|vayas|vasu|marut|satvat|daSArha|piSAca|aSani|kArzApaRa
YAUDHEYADI_5	yODeyAdiH	196	5.3.117	basic	10	yODeya|krOSeya|SOkeya|SOBreya|DArteya|GArteya|jyAvAReya|trigarta|Barata|uSInara
STHULADI	sTUlAdiH	197	5.4.3	basic	7	sTUla|aRu|mAza|izu|kumArIputra|kumArISvaSura|maRi
YAVADI	yAvAdiH	198	5.4.29	basic	10	yAva|maRi|asTi|tAlu|jAnu|sAndra|pIta|stamba|jYAta|ajYAta
VINAYADI	vinayAdiH	199	5.4.34	basic	19	vinaya|samaya|upAyo|hrasvatvaM|ca|saMprati|saMgati|kaTaMcit|akasmAt|samAcAra|upacAra|samAya|samayAcAra|vyavahAra|saMpradAna|samutkarza|samUha|viSeza|atyaya
PRAJNADI	prajYAdiH	200	5.4.38	basic	35	prajYa|vaRij|uSij|uzRij|pratyakza|vidvas|vidan|zoqan|vidyA|manas|Srotra|SarIre|juhvat|kfzRa|mfge|cikIrzat|cora|Satra|yoDa|cakzus|vasu|enas|marut|kruYca|sattvat|daSArha|vayas|vyAkfta|asura|rakzas|piSAca|aSani|kArzApaRa|devatA|banDu
ADYADI	AdyAdiH	201	5.4.44	basic	29	Adi|maDya|anta|pfzWa|pArSva|AdyAdiBya upasaMKyAnam|SaradAdiH|5.4.107|Sarad|vipAS|anas|manas|upAnah|anaquh|div|himavat|hiruk|vid|sad|diS|dfS|viS|catur|tyad|tad|yad|etad|kiyat|paTin
DVIDANDYADI	dvidaRqyAdiH	203	5.4.128	basic	22	dvidaRqi|dvimusali|uBAYjali|uBayAYjali|uBAdanti|uBayAdanti|uBAhasti|uBayAhasti|uBAkarRi|uBayAkarRi|uBApARi|uBayApARi|uBAbAhu|uBayAbAhu|ekapadI|prozWapadI|AcyapadI|AQayapadi|sapati|nikucyakarRi|saMhatapucCi|antekasI
HASTYADI	hastyAdiH	204	5.4.138	basic	19	hastin|kuddAla|aSva|kaSika|kuruta|kawola|kawolaka|gaRqola|gaRqolaka|kaRqola|kaRqolaka|aja|kapota|jAla|gaRqa|mahilA|dAsI|gaRikA|kusUla
KUMBHAPADYADI	kumBapadyAdiH	205	5.4.139	basic	33	kumBapadI|ekapadI|jAlapadI|SUlapadI|munipadI|guRapadI|SatapadI|sUtrapadI|goDApadI|kalaSIpadI|vipadI|tfRapadI|dvipadI|tripadI|zawpadI|dAsIpadI|SitipadI|vizRupadI|supadI|nizpadI|ArdrapadI|kuRipadI|kfzRapadI|SucipadI|droRIpadI|droRapadI|drupadI|sUkarapadI|SakftpadI|azwApadI|sTURapadI|apadI|sUcIpadI
URAHPRABHRTAYAH	uraHpraBftayaH	206	5.4.151	basic	12	uras|sarpiz|upAnaqa|pumAn|anaqvAn|payaH|nOH|lakzmIH|daDi|maDu|SAlI|SAliH
SHAKANDHVADI	SakanDvAdiH	207	6.1.94	basic	14	SakanDu|karkanDu|kulawA|sImantaH|keSaveSe|halIzA|manIzA|lANgalIzA|pataYjaliH|sAraNgaH|paSupakziRoH|SakanDvAdizu pararUpaM vAcyam|pAraskarAdiH|6.1.157
UNCHADI	uYCAdiH	209	6.1.160	basic	7	uYCa|mlecCa|jaYja|talpa|jalpa|japa|vaDa
VRSHADI	vfzAdiH	210	6.1.203	basic	25	vfzaH|janaH|jvaraH|grahaH|hayaH|mayaH|gayaH|tAyaH|tayaH|cayaH|amaH|vedaH|sUdaH|aMSaH|guhA|mantraH|SAntiH|kAmaH|yAmaH|ArA|DArA|kArA|vahaH|kalpaH|pAdaH
VISPASHTADI	vispazwAdiH	211	6.2.24	basic	10	vispazwa|vicitra|vicitta|vyakta|sampanna|pawu|paRqita|kuSala|capala|nipuRa
KARTAKAUJAPADI	kArtakOjapAdiH	212	6.2.37	basic	27	kArtakOjapO|sAvarRimARqakeyO|sAvarRimARqUkeyO|avantyaSmakAH|pElaSyAparReyAH|kapiSyAparReyAH|SEtikAkzapAYcAleyAH|kawukavADUleyAH|SAkalaSunakAH|SAkalaSaRakAH|SaRakabABravAH|ArcABimOdgalAH|kuntisurAzwrAH|cintisurAzwrAH|taRqavataRqAH|avimattakAmavidDAH|bABravaSAlaNkAyanAH|bABravadAnacyutAH|kaWakAlApAH|kaWakOTumAH|kOTumalOkAkzAH|strIkumAram|mOdapEppalAdAH|vatsajarantaH|sOSrutapArTavAH|jarAmftyU|yAjyAnuvAkye
KURUGARHAPATADI	kurugArhapatAdiH	213	6.2.42	basic	8	dAsIBAraH|devahUtiH|devaBItiH|devalAtiH|vasunItiH|vasUnitiH|OzaDiH|candramAH
YUKTAROHYADI	yuktArohyAdiH	214	6.2.81	akrti	15	yuktArohI|AnatarohI|AgatayoDI|AgatavaYcI|AgatanandI|AgataprahArI|AgatamatsyaH|kzIrahotA|BaginIBartA|grAmagoDuk|aSvatrirAtraH|gargatrirAtraH|vyuzwatrirAtraH|gaRapAdaH|ekaSitipAd
GHOSHADI	GozAdiH	215	6.2.85	basic	21	Goza|Gawa|kawa|vallaBa|hfda|badari|piNgala|piNgalI|piSaNga|mAlA|rakzA|SAlA|vfw|kUwa|SAlmalI|aSvatTa|tfRa|SilpI|muni|prekzAka|prekzA
CHATRYADI	CAtryAdiH	216	6.2.86	basic	7	CAtri|peli|BARqi|vyAqi|AKaRqi|Awi|gomi
KARKYADI	karkyAdiH	217	6.2.87	basic	11	karki|karkI|makarI|karkanDu|SamI|karIri|karIra|kanduka|kuvala|kavala|badarI
MALADI	mAlAdiH	218	6.2.88	basic	10	mAlA|SAlA|SoRA|SoRa|drAkzA|srAkzA|kzAmA|kAYcI|eka|kAma
KRATVADI	kratvAdiH	219	6.2.118	basic	7	kratu|dfSIka|pratIka|pratUrti|havya|Bavya|Baga
CIHANADI	cihaRAdiH	220	6.2.125	basic	10	cihaRa|madura|madugura|vEtula|pawatka|vEqAlikarRaka|vEqAlikarRi|kukkuwa|cikkaRa|citkaRa
VARGYADI	vargyAdiH	221	6.2.131	basic	0	
CURNADI	cUrRAdiH	222	6.2.134	basic	12	cUrRa|kariza|karIza|SAkina|SAkawa|drAkzA|tUsta|kundama|dalapa|camasI|cakkana|cOla
KANDADI	kARqAdiH	223	6.2.135	basic	6	kARqa|cIra|palala|sUza|SAka|kUla
VANASPATYADI	vanaspatyAdiH	224	6.2.140	basic	10	vanaspatiH|bfhaspatiH|SacIpatiH|tanUnapAt|narASaMsaH|SunaHSepaH|SaRqAmarkO|tfzRAvarUtri|lambAviSvavayasO|marmftyuH
ACITADI	AcitAdiH	225	6.2.146	basic	11	Acita|paryAcita|AsTApita|parigfhIta|nirukta|pratipanna|apaSlizwa|praSlizwa|upahita|upasTita|saMhitAgavi
PRAVRDDHADI	pravfdDAdiH	226	6.2.147	akrti	2	KawvArUQaH|kaviSastaH
CARVADI	cArvAdiH	227	6.2.160	basic	9	cAru|sADu|yODika|yODaki|anaNgamejaya|vadAnya|akasmAt|gfhapati|gfhapatika
GUNADI	guRAdiH	228	6.2.176	akrti	5	guRa|akzara|aDyAya|sUkka|CandomAna
NIRUDAKADI	nirudakAdiH	229	6.2.184	akrti	14	nirudaka|nirupala|nirmakzika|nirmaSaka|nizkAlaka|nizkAlika|nizpeza|dustarIpa|nistarIpa|nistarIka|nirajina|udajina|upAjina|parihastapAdakeSakarzAH
AMSHVADI	aMSvAdiH	230	6.2.193	basic	10	aMSu|jana|rAjan|uzwra|Kewaka|ajira|ArdrA|SravaRa|kfttikA|arDapura
GAURADI_6	gOrAdiH	231	6.2.194	basic	11	gOra|tEza|tEla|lewa|lowa|jihvA|kfzRA|kanyA|guDa|kalya|pAda
TRICAKRADI	tricakrAdi	232	6.2.129	akrti	23	tricakra|trivft|trivaNkara|tricakrAdInAM CandasyupasaMKyAnam|priyAdiH|6.3.34|priyA|manojYA|kalyARI|suBagA|durBagA|BaktiH|sAcavA|svasA|svA|kAntA|kzAntA|samA|capalA|duhitA|vAmA|abalA|tanayA
TASILADI	tasilAdiH	234	6.3.35	basic	15	tasil|trat|tarap|tamap|caraw|jAtIyar|kalpap|deSIyar|rUpap|pASap|Tal|TAl|dArhil|til|Tyan
KUKKUTYADI	kukkuwyAdiH	235	6.3.42	basic	20	kukkuwI|mfgI|kAkI|aRqa|pada|SAva|BrukuMsa|BrukuwI|kukkuwyAdInAmaRqAdizu|pfzodarAdiH|6.3.109|pfzodara|pfzotTAna|balAhaka|jImUta|SmaSAna|ulUKala|piSAca|bfsI|mayUra
KOTARADI	kowarAdiH	237	6.3.117	basic	6	kowara|miSraka|siGraka|puraga|sArika|SArika
KIMSHULUKADI	kiMSulukAdiH	238	6.3.117	basic	7	kiMSuluka|SAlva|naqa|aYjana|BaYjana|lohita|kukkuwa
AJIRADI	ajirAdiH	239	6.3.119	basic	8	ajira|Kadira|pulina|haMsaka|haMsa|kAraRqa|kAraRqava|cakravAka
SHARADI_6	SarAdiH	240	6.3.120	basic	9	Sara|vaMSa|DUma|ahi|kapi|maRi|muni|Suci|hanu
PILVADI_6	pIlvAdiH	241	6.3.121	basic	19	pIlu|dAru|ruci|cAru|gam|kam|apIlvAdInAmiti vaktavyam|bilvakAdiH|6.4.153|bilvaka|veRu|vetra|vetasa|tfRa|ikzu|kAzWa|kapota|kruYcA|takzan
SNATVYADI	snAtvyAdiH	243	7.1.49	akrti	17	snAtvI|pItvI|dvArAdiH|7.3.4|dvAra|svara|svagrAma|svADyAya|vyalkaSa|svasti|svar|sPyakft|svAdu|mfdu|Svas|Svan|sva
SVAGATADI	svAgatAdiH	245	7.3.7	basic	8	svAgata|svaDvara|svaNga|vyaNga|vyaqa|vyavahAra|svapati|svapiti
ANUSHATIKADI	anuSatikAdiH	246	7.3.20	akrti	27	anuSatika|anuhoqa|anusaMvaraRa|anusaMcaraRa|anusaMvatsara|aNgAraveRu|asihatya|syahat|asyaheti|vaDyoga|puzkarasad|anuharat|kurukata|kurupaYcAla|udakaSudDa|ihaloka|paraloka|sarvaloka|sarvapuruza|sarvaBUmi|prayoga|parastrI|sUtranaqa|aBigama|aDiBUta|aDideva|caturvidyA
KSHIPAKADI	kzipakAdiH	247	7.3.45	akrti	41	kzipakA|DruvakA|carakA|sevakA|karakA|cawakA|avakA|lahakA|alakA|kanyakA|DruvakA|eqakA|kzipakAdInAM copasaMKyAnam|nyaNkvAdiH|7.3.53|nyaNku|madgu|Bfgu|dUrepAka|valepAka|kzaRepAka|dUrepAkA|PalepAkA|dUrepAku|PalapAku|takra|tatra|vakra|cakra|vyatizaNga|anuzaNga|avasarga|upasarga|SvapAka|mAMsapAka|mAsapAka|kapotapAka|ulUkapAka|saMjYAyAM|nyagroDa|vIrut
KANADI	kaRAdiH	249	7.4.3	basic	31	kaRa|raRa|BaRa|SraRa|lupa|heWa|vhAyi|vARi|cARi|lowi|loWi|lopi|kARAdInAM ceti vaktavyam|gotrAdiH|8.1.27|gotra|bruva|pravacana|prahasana|prakaTana|pratyayana|prapaYca|prAya|nyAya|pracakzaRa|vicakzaRa|avacakzaRa|svADyAya|BUyizWa|BUyizwa|vAnAma
KASHTHADI	kAzWAdiH	251	8.1.67	basic	16	kAzWa|dAruRa|amAtAputra|veSa|anAjYAta|anujYAta|aputra|ayuta|adButa|anukta|BfSa|Gora|suKa|parama|su|ati
YAVADI_8	yavAdiH	252	8.2.9	akrti	22	yava|dalmi|Urmi|urmi|BUmi|kfmi|kruYcA|vaSA|drAkzA|DrAkzA|Graji|vraji|Dvaji|niji|siji|saYji|harit|kakuda|marut|garut|ikzudru|maDu
KAPILAKADI	kapilakAdiH	253	8.2.18	akrti	43	kapilaka|nirvilIka|lomAni|pAMsula|kalpa|Sukla|kapilakA|tarpilikA|tarpili|kapilakAdInAM saMjYACandasorveti vAcyam|aharAdiH|8.2.70|ahar|gIr|Dur|aharAdInAM patyAdizu vA rePaH|patyAdiH|8.2.70|pati|gaRa|putra|aharAdInAM patyAdizu vA rePaH|kaskAdiH|8.3.48|kaskaH|kOtaskutaH|BrAtuzputraH|SunaskarRaH|sadyaskAlaH|sadyaskIH|sAdyaskaH|kAMskAn|sarpizkuRqikA|DanuzkapAlam|bahizpalam|barhizpalam|yajuzpAtram|ayaskAntaH|tamaskARqaH|ayaskARqaH|medaspiRqaH|BAskaraH|ahaskaraH
SUSHAMADI	suzAmAdiH	257	8.3.98	akrti	22	suzAmA|niHzAmA|duHzAmA|suzeDaH|nizeDaH|niHzeDaH|duHzeDaH|suzaMDiH|niHzaMDiH|duHzaMDiH|suzWu|duzWu|gOrizakTaH|saMjYAyAm|pratizRikA|jalAzAham|jalAzAqam|nOzecanam|dunduBizevaRam|dunduBizecanam|harizeRaH|rohiRIzeRaH
SAVANADI	savanAdiH	258	8.3.110	basic	4	anusavanamanusavanam|aSvasanimaSvasanim|Sakunisavanam|gosanimaSvasanim
IRIKADI	irikAdiH	259	8.4.6	akrti	45	irikA|mirikA|timirA|irikAdiByaH pratizeGo vaktavyaH|girinadyAdiH|8.4.10|girinadI|girinaKa|girinadDa|girinitamba|cakranadI|cakranitamba|taryamAna|mAzona|Argayana|vAprakaraRegirinadyAdInAM copasaMKyAnam|yuvAdiH|8.4.11|yuvan|pakva|ahan|paripakvAni|dIrGAhnI|yuvAderna|kzuBnAdiH|8.4.39|harinandI|harinandanaH|girinagaram|narInftyata|parinartanam|parigahanam|parinandanam|SaraniveSaH|SaranivAsaH|SarAgniH|darBAnUpa|AcAryaBogInaH|caturhAyana|irikA|timira|samIra|kubera|hari|karmAra
